sep=	
time (source1)	x	time (source1)	y	time (source1)	z
0	220	0	-428	0	888
0.127	204	0.128	-416	0.129	884
0.259	220	0.26	-432	0.261	860
0.387	228	0.388	-544	0.388	812
0.515	256	0.516	-548	0.516	860
0.643	180	0.644	-564	0.644	796
0.771	188	0.772	-664	0.773	788
0.899	160	0.9	-556	0.9	776
1.027	236	1.028	-660	1.029	788
1.155	148	1.156	-572	1.156	708
1.283	96	1.283	-564	1.284	728
1.411	68	1.412	-376	1.412	1188
1.539	-160	1.539	-192	1.54	1100
1.667	616	1.668	-760	1.668	-1088
1.795	-856	1.796	1576	1.796	2040
1.923	556	1.924	-448	1.924	-2040
2.051	-2040	2.052	2040	2.052	2040
2.179	464	2.18	1200	2.18	176
2.307	-196	2.308	-56	2.308	620
2.435	-1164	2.436	124	2.436	948
2.563	-932	2.564	-12	2.564	-444
2.691	-812	2.692	-192	2.692	-632
2.819	-568	2.82	-628	2.821	-372
2.947	88	2.948	-780	2.949	124
3.075	768	3.076	-540	3.076	172
3.203	1180	3.204	-500	3.205	656
3.335	996	3.336	-556	3.336	164
3.463	624	3.464	-712	3.467	460
3.595	220	3.596	-700	3.596	420
3.723	-252	3.723	-528	3.724	684
3.851	-200	3.851	-408	3.852	1012
3.979	-76	3.98	-288	3.981	868
4.111	32	4.112	-212	4.112	1016
4.239	64	4.24	-212	4.24	964
4.367	16	4.368	-188	4.368	984
4.495	60	4.495	-192	4.496	1016
4.623	68	4.624	-204	4.624	984
4.751	60	4.752	-188	4.752	1016
4.883	100	4.884	-196	4.884	972
5.011	112	5.011	-200	5.012	1012
5.139	140	5.14	-208	5.14	988
5.267	136	5.268	-204	5.268	988
5.395	128	5.395	-200	5.396	972
5.523	128	5.524	-196	5.524	988
5.651	180	5.652	-208	5.652	968
5.779	180	5.78	-220	5.78	936
5.907	164	5.907	-168	5.908	944
6.035	168	6.036	-160	6.036	1000
6.163	168	6.164	-160	6.164	1020
6.291	100	6.291	-140	6.292	976
6.419	72	6.42	-136	6.42	972
6.551	100	6.552	-148	6.552	1008
6.679	132	6.68	-140	6.68	980
6.807	8	6.807	-100	6.808	916
6.935	120	6.936	-172	6.936	996
7.063	128	7.064	-140	7.064	1004
7.191	148	7.192	-240	7.193	1016
7.323	112	7.324	-176	7.324	1004
7.451	120	7.452	-268	7.452	1020
7.579	52	7.58	-220	7.58	896
7.707	20	7.707	-280	7.708	976
7.835	52	7.835	-260	7.836	984
7.963	68	7.967	-148	7.966	1012
8.091	56	8.091	-196	8.092	992
8.219	56	8.22	-180	8.22	1008
8.347	64	8.348	-92	8.348	996
8.478	60	8.476	-168	8.476	1004
8.603	60	8.604	-132	8.604	992
8.731	28	8.732	-160	8.732	996
8.859	68	8.859	-128	8.86	1028
8.987	52	8.988	-124	8.988	984
9.115	56	9.115	-124	9.116	1008
9.243	44	9.244	-140	9.244	996
9.371	48	9.372	-128	9.372	992
9.499	48	9.5	-140	9.5	992
9.627	40	9.627	-108	9.629	988
9.755	52	9.755	-124	9.756	1004
9.883	52	9.883	-128	9.884	1000
10.011	48	10.011	-136	10.012	992
10.139	52	10.139	-124	10.14	996
10.278	52	10.276	-120	10.275	1004
10.421	56	10.42	-136	10.418	1000
10.556	64	10.57	-112	10.568	1000
10.655	60	10.67	-140	10.668	1008
10.789	76	10.82	-120	10.818	1016
10.914	56	10.915	-140	10.916	1012
11.043	56	11.043	-120	11.044	996
11.171	68	11.171	-120	11.172	1012
11.299	52	11.299	-124	11.3	992
11.427	48	11.427	-120	11.429	1000
11.555	52	11.555	-136	11.556	996
11.683	48	11.684	-116	11.684	992
11.811	44	11.811	-112	11.812	996
11.939	48	11.94	-128	11.94	996
12.067	52	12.067	-108	12.068	1000
12.195	48	12.195	-120	12.196	1004
12.323	48	12.323	-108	12.324	996
12.451	28	12.451	-92	12.452	984
12.579	48	12.579	-92	12.58	1004
12.707	56	12.707	-96	12.708	1008
12.835	52	12.836	-104	12.836	1016
12.972	60	12.973	-76	12.971	1020
13.095	44	13.095	-100	13.096	1008
13.223	52	13.224	-68	13.224	996
13.351	36	13.351	-92	13.352	996
13.479	44	13.479	-68	13.48	996
13.607	56	13.607	-16	13.608	988
13.735	48	13.736	-80	13.736	996
13.863	40	13.864	-60	13.864	976
13.991	56	13.991	-84	13.992	1004
14.119	60	14.119	-68	14.12	1016
14.247	44	14.248	-92	14.248	1004
14.375	44	14.375	-68	14.376	980
14.503	32	14.503	-68	14.504	976
14.631	60	14.631	-80	14.632	1020
14.759	68	14.759	-64	14.76	1012
14.887	60	14.887	-84	14.888	1004
15.015	44	15.015	-80	15.016	1008
15.143	32	15.143	-72	15.144	988
15.271	36	15.271	-88	15.272	1000
15.399	48	15.399	-88	15.4	1000
15.527	52	15.527	-80	15.529	1012
15.655	56	15.655	-80	15.656	1000
15.783	56	15.783	-88	15.784	1004
15.911	44	15.912	-80	15.912	1000
16.043	28	16.043	-96	16.044	988
16.171	52	16.172	-56	16.172	1016
16.299	48	16.299	-84	16.3	1004
16.427	48	16.427	-76	16.429	1020
16.555	56	16.555	-64	16.556	1004
16.683	40	16.683	-76	16.684	992
16.815	36	16.815	-48	16.816	988
16.943	44	16.943	-80	16.944	1016
17.071	52	17.071	-72	17.072	1008
17.199	40	17.199	-64	17.2	1000
17.327	48	17.327	-64	17.329	1000
17.455	44	17.455	-76	17.456	1012
17.583	52	17.583	-80	17.584	1008
17.723	48	17.753	-56	17.751	992
17.839	52	17.852	-56	17.85	1016
17.973	32	17.984	-80	17.983	1004
18.105	40	18.104	-76	18.102	1008
18.227	44	18.227	-80	18.228	1004
18.355	44	18.356	-72	18.358	1008
18.487	40	18.487	-56	18.488	976
18.615	40	18.615	-80	18.616	1000
18.742	36	18.743	-80	18.744	1008
18.87	44	18.871	-76	18.872	996
18.999	48	18.999	-72	19	996
19.127	48	19.127	-68	19.129	1004
19.259	56	19.259	-68	19.26	1012
19.387	52	19.387	-48	19.388	1004
19.515	60	19.515	-68	19.516	1016
19.643	40	19.643	-48	19.644	1004
19.771	36	19.771	-64	19.772	1004
19.899	40	19.899	-56	19.9	1008
20.027	56	20.027	-40	20.028	1016
20.154	52	20.155	-44	20.156	1004
20.283	64	20.283	-44	20.284	1024
20.411	56	20.411	-52	20.412	1012
20.539	52	20.539	-52	20.54	1004
20.667	56	20.667	-48	20.668	1012
20.794	44	20.795	-52	20.796	1004
20.926	44	20.927	-56	20.929	1004
21.055	40	21.055	-56	21.056	1004
21.183	44	21.183	-44	21.184	1000
21.311	40	21.311	-44	21.312	996
21.438	40	21.439	-56	21.44	1004
21.567	32	21.567	-56	21.568	1008
21.694	36	21.695	-56	21.696	1004
21.823	32	21.823	-64	21.824	992
21.95	40	21.951	-52	21.952	1008
22.079	48	22.079	-48	22.08	1008
22.207	32	22.207	-48	22.208	1004
22.335	36	22.335	-52	22.336	1004
22.463	36	22.465	-64	22.464	1004
22.59	40	22.591	-64	22.592	1016
22.719	40	22.719	-68	22.72	1012
22.846	36	22.848	-56	22.848	1004
22.974	44	22.975	-68	22.976	1000
23.103	32	23.103	-64	23.104	1012
23.23	28	23.231	-60	23.232	1000
23.358	36	23.359	-60	23.36	1020
23.487	40	23.487	-56	23.488	1008
23.615	44	23.615	-64	23.616	1016
23.742	36	23.753	-72	23.752	1012
23.871	36	23.871	-40	23.872	1004
23.998	20	23.999	-56	24	1000
24.126	28	24.127	-64	24.129	1000
24.255	40	24.255	-60	24.256	1016
24.382	32	24.383	-44	24.384	1008
24.511	28	24.512	-64	24.512	1008
24.642	28	24.643	-64	24.644	1000
24.771	32	24.771	-60	24.772	1004
24.899	40	24.899	-52	24.9	1012
25.027	32	25.027	-64	25.029	1008
25.154	40	25.155	-80	25.156	1012
25.283	24	25.284	-72	25.284	1000
25.414	44	25.415	-84	25.416	1000
25.542	68	25.543	76	25.544	724
25.67	-8	25.671	-104	25.672	532
25.798	72	25.799	-16	25.8	1040
25.929	-168	25.931	152	25.931	2032
26.059	52	26.06	-12	26.061	724
26.19	0	26.191	-76	26.192	76
26.318	-76	26.319	108	26.32	1468
26.446	-84	26.448	80	26.448	1512
26.574	8	26.575	-48	26.576	388
26.702	8	26.703	-20	26.704	308
26.831	-348	26.832	200	26.832	1536
26.962	28	26.963	60	26.964	1364
27.09	-28	27.091	-48	27.092	196
27.218	-128	27.219	40	27.22	428
27.346	-268	27.348	188	27.348	2040
27.474	-72	27.475	120	27.476	1132
27.602	-20	27.603	-60	27.604	-716
27.735	8	27.735	148	27.736	2040
27.862	12	27.864	72	27.864	1636
27.99	-124	27.991	56	27.992	472
28.118	12	28.119	-12	28.12	276
28.246	64	28.248	-356	28.248	1756
28.374	-112	28.375	60	28.376	1052
28.506	-128	28.507	120	28.508	1052
28.635	-72	28.635	20	28.636	1064
28.762	-68	28.763	16	28.764	924
28.89	-132	28.891	32	28.892	984
29.018	-144	29.019	40	29.02	952
29.146	-88	29.148	-24	29.148	988
29.274	-144	29.275	24	29.276	1156
29.402	-124	29.403	-20	29.404	1004
29.531	-100	29.531	-28	29.532	908
29.659	-116	29.659	-20	29.66	988
29.786	-48	29.787	-28	29.788	1016
29.914	-80	29.915	-12	29.916	1016
30.042	-148	30.043	-20	30.044	1064
30.174	-84	30.182	0	30.182	1036
30.303	-44	30.303	-16	30.304	1004
30.43	-92	30.431	4	30.432	1012
30.558	-48	30.559	-20	30.56	1020
30.686	-72	30.687	12	30.688	1052
30.814	-44	30.815	-12	30.816	992
30.942	-40	30.943	-20	30.944	1056
31.07	-36	31.071	-8	31.072	1008
31.198	-8	31.199	-28	31.2	1008
31.327	-24	31.327	-8	31.329	1052
31.454	-24	31.455	-4	31.456	1016
31.582	-32	31.583	-12	31.584	1012
31.71	-12	31.711	-16	31.721	1016
31.838	-28	31.839	0	31.84	1004
31.966	-16	31.967	-12	31.968	1008
32.094	-44	32.095	8	32.096	1000
32.222	-16	32.223	8	32.224	1044
32.35	-24	32.351	-4	32.352	996
32.478	-16	32.479	20	32.48	1012
32.606	-12	32.607	-12	32.608	980
32.734	-40	32.735	0	32.736	984
32.862	-36	32.863	0	32.864	1004
32.99	-32	32.991	0	32.992	1000
33.118	-28	33.119	8	33.12	1008
33.25	-16	33.251	0	33.252	1016
33.378	-44	33.379	8	33.388	988
33.51	-36	33.51	0	33.512	1004
33.638	-28	33.639	-8	33.64	1016
33.766	-32	33.767	-4	33.768	1000
33.894	-40	33.895	0	33.896	988
34.022	-32	34.023	-4	34.024	1020
34.15	-12	34.151	-16	34.152	1000
34.278	-56	34.279	0	34.28	1004
34.406	-36	34.407	-16	34.408	996
34.534	-48	34.535	-4	34.536	1012
34.662	-32	34.663	-16	34.664	1028
34.79	-44	34.791	-8	34.792	992
34.918	-36	34.919	-8	34.92	1004
35.046	-48	35.048	-12	35.048	1028
35.174	-40	35.175	-8	35.176	1004
35.302	-40	35.303	-12	35.304	1008
35.43	-68	35.431	0	35.432	1016
35.558	-56	35.559	-4	35.56	996
35.686	-48	35.687	-8	35.688	1004
35.814	-44	35.815	-4	35.816	1016
35.942	-32	35.943	-20	35.944	1020
36.07	-72	36.071	108	36.072	1064
36.198	-112	36.199	188	36.2	876
36.33	292	36.332	-920	36.332	1168
36.458	-128	36.459	412	36.46	760
36.586	-184	36.587	636	36.588	824
36.714	-24	36.715	-472	36.716	1000
36.842	268	36.843	-332	36.844	988
36.97	-44	36.971	796	36.972	1088
37.098	-120	37.099	236	37.1	916
37.226	436	37.227	-1184	37.229	1004
37.354	-136	37.355	488	37.356	1080
37.482	-252	37.483	636	37.484	656
37.61	8	37.611	-348	37.613	1084
37.738	280	37.739	-608	37.74	1180
37.866	56	37.867	648	37.868	904
37.994	-28	37.995	360	37.996	948
38.122	12	38.134	-688	38.132	1016
38.25	-16	38.251	-248	38.252	1064
38.378	-16	38.379	688	38.38	924
38.506	56	38.507	176	38.508	876
38.634	148	38.635	-924	38.636	1036
38.762	88	38.763	-352	38.764	980
38.89	36	38.891	724	38.892	1064
39.018	168	39.019	280	39.02	948
39.146	140	39.148	-1188	39.148	1236
39.274	-152	39.275	12	39.276	1028
39.402	76	39.403	928	39.404	976
39.53	8	39.531	0	39.532	980
39.658	312	39.659	-1172	39.66	1120
39.786	-104	39.787	272	39.788	1028
39.914	-20	39.915	316	39.916	1020
40.042	-32	40.043	-20	40.044	984
40.17	-72	40.171	-300	40.172	684
40.298	108	40.299	-20	40.3	960
40.426	92	40.427	-32	40.428	1000
40.554	72	40.555	-24	40.556	956
40.683	40	40.683	-4	40.684	1020
40.814	40	40.815	-16	40.816	992
40.942	80	40.943	-36	40.946	1024
41.074	52	41.075	-16	41.076	1004
41.202	52	41.203	-28	41.204	1012
41.33	44	41.331	-4	41.332	1016
41.458	48	41.459	-8	41.46	1012
41.586	48	41.587	-8	41.588	1004
41.714	32	41.715	-20	41.716	996
41.842	72	41.843	-20	41.844	1040
41.97	52	41.971	-32	41.972	984
42.098	36	42.099	-12	42.1	1008
42.226	24	42.227	-8	42.228	1008
42.354	20	42.355	-12	42.356	1016
42.482	40	42.483	-8	42.484	1032
42.61	28	42.611	-8	42.612	996
42.738	20	42.739	-8	42.74	1020
42.866	20	42.867	-4	42.868	1016
42.994	20	42.995	-12	42.996	1008
43.122	12	43.123	-4	43.124	1024
43.25	12	43.251	-24	43.252	976
43.378	4	43.379	12	43.38	1012
43.506	24	43.507	-12	43.508	1040
43.634	8	43.635	-4	43.636	1020
43.766	848	43.767	-124	43.768	680
43.894	964	43.895	-88	43.896	228
44.022	-224	44.023	92	44.024	1052
44.15	644	44.151	-8	44.152	452
44.278	872	44.279	-48	44.28	-44
44.406	-112	44.407	44	44.408	-624
44.534	-668	44.535	12	44.536	596
44.663	848	44.663	-56	44.664	168
44.79	-1672	44.791	376	44.792	-4
44.918	1424	44.919	-76	44.92	500
45.046	1856	45.048	-240	45.048	1792
45.174	-652	45.175	4	45.176	548
45.302	636	45.303	-72	45.304	728
45.43	104	45.431	0	45.432	-544
45.558	1832	45.559	-136	45.56	540
45.686	2040	45.687	-272	45.688	1592
45.814	324	45.815	-8	45.816	244
45.942	1872	45.943	-268	45.944	1832
46.07	-192	46.071	-44	46.072	728
46.198	856	46.199	-76	46.2	132
46.326	68	46.327	-64	46.328	1140
46.454	2040	46.455	-288	46.456	268
46.582	1116	46.583	-260	46.584	1176
46.71	-436	46.711	40	46.713	868
46.838	532	46.839	-244	46.84	1192
46.966	1388	46.967	-500	46.968	148
47.094	1048	47.095	-264	47.096	-84
47.222	1088	47.223	-264	47.224	132
47.35	-312	47.351	40	47.352	888
47.478	-548	47.479	-8	47.48	812
47.606	-12	47.607	-84	47.608	972
47.734	692	47.743	-4	47.742	760
47.862	752	47.863	12	47.864	280
47.99	1036	47.991	-80	47.992	1012
48.118	-248	48.119	28	48.12	1040
48.246	-304	48.248	0	48.248	1016
48.374	-292	48.375	-36	48.376	1048
48.506	-132	48.506	-292	48.507	1020
48.634	-192	48.635	16	48.636	972
48.762	-232	48.763	32	48.764	920
48.89	-172	48.891	-16	48.892	960
49.018	-184	49.019	0	49.02	976
49.146	-172	49.148	-4	49.148	968
49.274	56	49.275	-64	49.275	796
49.402	1016	49.403	-68	49.404	-384
49.53	1068	49.531	-84	49.532	-156
49.658	856	49.659	-76	49.66	324
49.786	4	49.787	-96	49.788	752
49.914	-160	49.915	-32	49.916	952
50.042	-128	50.043	-32	50.044	1004
50.17	392	50.171	-52	50.172	840
50.298	912	50.299	-52	50.3	-196
50.426	1012	50.427	-96	50.428	-100
50.554	1916	50.555	-164	50.556	2000
50.682	-400	50.683	-36	50.684	1020
50.81	-816	50.811	-36	50.813	-184
50.944	-1004	50.942	-16	50.941	120
51.066	-1044	51.067	-44	51.068	132
51.194	-1052	51.195	-64	51.196	-52
51.322	-1032	51.323	-36	51.324	-32
51.45	-1040	51.451	-20	51.451	-24
51.578	-1036	51.579	-12	51.58	-68
51.706	-940	51.707	-48	51.707	-28
51.834	-1028	51.835	-16	51.836	-20
51.962	-1020	51.963	-28	51.964	-16
52.09	-1004	52.091	-24	52.091	-8
52.218	-996	52.219	-24	52.22	-12
52.346	-1052	52.348	-12	52.348	-36
52.474	-988	52.475	-32	52.476	-16
52.606	-1028	52.607	-16	52.608	-32
52.734	-1040	52.735	-4	52.736	-28
52.862	-1036	52.863	-12	52.864	-44
52.99	-1032	52.991	-16	52.992	-44
53.118	-1032	53.119	-12	53.12	-28
53.246	-1032	53.247	-16	53.248	-24
53.374	-1032	53.375	-12	53.376	-20
53.502	-960	53.503	-24	53.504	-80
53.63	-1008	53.631	-8	53.631	-12
53.758	-1024	53.759	-8	53.76	-20
53.886	-1032	53.887	-12	53.887	-16
54.014	-1040	54.015	-12	54.016	4
54.142	-1032	54.143	-8	54.143	8
54.27	-1024	54.271	-12	54.272	24
54.398	-1036	54.399	-24	54.4	28
54.526	-1052	54.527	-20	54.528	24
54.654	-1044	54.655	-16	54.656	12
54.782	-1036	54.783	-20	54.784	24
54.91	-1012	54.911	-16	54.913	40
55.038	-1028	55.039	-12	55.039	44
55.166	-1060	55.167	-32	55.168	60
55.294	-1012	55.295	-68	55.296	156
55.422	-568	55.423	20	55.424	756
55.55	-448	55.551	-100	55.552	836
55.678	64	55.679	-68	55.68	1132
55.806	44	55.807	-52	55.808	1024
55.938	52	55.938	-44	55.939	968
56.066	108	56.067	-60	56.067	1032
56.194	96	56.195	-64	56.196	1004
56.322	120	56.323	-60	56.323	1012
56.45	108	56.451	-48	56.452	1008
56.582	68	56.583	-32	56.583	1004
56.71	32	56.711	-40	56.713	1020
56.838	-92	56.839	-32	56.839	1020
56.966	-100	56.967	-32	56.968	1000
57.094	-140	57.095	-36	57.096	1012
57.222	-332	57.223	-32	57.223	976
57.35	-540	57.351	-16	57.352	844
57.478	-720	57.479	-24	57.48	692
57.606	-860	57.607	-16	57.608	504
57.734	-952	57.735	-28	57.735	332
57.862	-1012	57.863	-16	57.864	292
57.99	-996	57.991	-20	57.991	184
58.118	-1016	58.119	-20	58.12	240
58.246	-968	58.248	-40	58.247	288
58.374	-520	58.375	-52	58.376	676
58.502	56	58.503	-100	58.504	940
58.63	632	58.631	-80	58.631	716
58.758	1028	58.759	-104	58.76	104
58.886	1004	58.887	-76	58.888	-52
59.014	972	59.015	-92	59.015	-104
59.142	1024	59.143	-64	59.143	-64
59.27	1040	59.271	-76	59.272	-4
59.398	916	59.399	-16	59.4	596
59.526	104	59.527	-32	59.527	948
59.654	-436	59.655	-32	59.655	824
59.782	-796	59.783	-28	59.784	556
59.91	-864	59.911	-28	59.912	548
60.038	-936	60.039	-24	60.04	396
60.166	-768	60.167	-40	60.167	628
60.294	-364	60.295	-68	60.296	1032
60.422	4	60.423	-92	60.423	1024
60.55	176	60.551	-92	60.551	1048
60.678	152	60.679	-72	60.68	996
60.806	272	60.807	-76	60.807	888
60.934	328	60.935	-80	60.935	788
61.062	256	61.063	-120	61.063	912
61.19	148	61.191	-28	61.192	1048
61.318	448	61.319	-192	61.319	1012
61.446	316	61.447	-112	61.447	692
61.574	424	61.575	-204	61.576	828
61.702	508	61.703	-180	61.704	840
61.834	564	61.835	-240	61.835	816
61.962	684	61.963	-224	61.964	620
62.09	772	62.091	-256	62.092	512
62.218	872	62.219	-232	62.219	400
62.346	968	62.347	-284	62.347	352
62.474	1032	62.475	-172	62.475	204
62.602	980	62.603	-204	62.603	-8
62.73	936	62.731	-184	62.731	-136
62.858	1152	62.859	-188	62.859	-232
62.986	880	62.987	-172	62.988	-368
63.114	968	63.115	-228	63.115	-296
63.242	960	63.242	-212	63.243	-264
63.37	820	63.373	-140	63.374	-228
63.502	1084	63.503	-236	63.503	36
63.63	928	63.631	-124	63.631	156
63.758	856	63.758	-172	63.759	568
63.886	592	63.887	-176	63.887	892
64.014	384	64.015	-144	64.015	956
64.142	224	64.143	-124	64.143	992
64.27	76	64.271	-124	64.271	1032
64.398	-96	64.398	-116	64.4	1032
64.526	-316	64.527	-92	64.527	924
64.654	-476	64.654	-152	64.655	880
64.782	-632	64.783	-80	64.783	712
64.91	-716	64.911	-88	64.911	712
65.038	-740	65.039	-68	65.039	688
65.166	-716	65.167	-72	65.167	684
65.294	-744	65.295	-56	65.296	736
65.422	-740	65.423	-60	65.423	664
65.55	-788	65.557	-68	65.557	728
65.682	-796	65.683	-88	65.683	588
65.81	-944	65.811	-28	65.811	512
65.938	-1028	65.939	52	65.939	344
66.066	-1012	66.067	-4	66.067	200
66.194	-1056	66.194	-60	66.196	84
66.322	-1028	66.322	-80	66.323	100
66.45	-960	66.45	-100	66.451	312
66.578	-952	66.578	-84	66.58	404
66.706	-920	66.706	-92	66.707	452
66.834	-928	66.834	-108	66.835	440
66.962	-760	66.963	-132	66.963	424
67.09	-440	67.09	-116	67.091	932
67.218	-152	67.219	-140	67.219	1112
67.346	248	67.346	-144	67.347	1112
67.474	532	67.475	-148	67.475	908
67.602	620	67.603	-152	67.603	776
67.73	648	67.731	-136	67.731	728
67.858	704	67.858	-140	67.859	704
67.986	616	67.987	-140	67.987	852
68.114	372	68.115	-88	68.115	916
68.242	252	68.243	-92	68.243	964
68.37	176	68.371	-84	68.371	968
68.498	196	68.498	-88	68.499	976
68.626	156	68.627	-76	68.627	996
68.758	188	68.759	-92	68.759	996
68.886	192	68.887	-92	68.887	1012
69.014	192	69.015	-96	69.015	1000
69.142	200	69.143	-88	69.143	984
69.27	168	69.271	-68	69.271	964
69.398	188	69.399	-68	69.4	972
69.53	200	69.531	-80	69.531	972
69.658	188	69.659	-80	69.659	984
69.786	192	69.787	-80	69.787	992
69.914	208	69.915	-88	69.915	988
70.042	200	70.042	-72	70.043	996
70.17	196	70.171	-80	70.171	964
70.298	184	70.298	-76	70.299	980
70.426	184	70.426	-76	70.427	984
70.554	192	70.555	-72	70.555	992
70.682	184	70.683	-72	70.683	996
70.81	176	70.81	-72	70.811	972
70.941	164	70.942	-68	70.943	992
71.07	128	71.07	-60	71.071	992
71.198	92	71.198	-64	71.199	1004
71.326	28	71.327	-68	71.327	996
71.454	-20	71.454	-64	71.455	1028
71.582	-120	71.582	-60	71.583	1004
71.71	-156	71.71	-72	71.711	984
71.838	-256	71.838	-60	71.839	976
71.966	-288	71.966	-56	71.967	924
72.094	-392	72.094	-60	72.096	912
72.222	-396	72.222	-68	72.223	932
72.35	-440	72.35	-64	72.351	916
72.478	-480	72.479	-64	72.479	860
72.61	-488	72.61	-60	72.611	884
72.738	-540	72.738	-68	72.739	876
72.866	-576	72.867	-52	72.867	816
72.994	-648	72.995	-52	72.996	804
73.122	-656	73.122	-60	73.123	796
73.25	-668	73.251	-48	73.251	752
73.382	-716	73.382	-52	73.383	760
73.51	-724	73.51	-52	73.511	668
73.638	-784	73.638	-44	73.639	708
73.766	-788	73.767	-60	73.767	612
73.894	-792	73.894	-48	73.896	604
74.022	-764	74.022	-124	74.024	608
74.154	-336	74.155	-56	74.155	824
74.282	-112	74.283	-108	74.283	992
74.41	40	74.411	-104	74.412	1056
74.538	168	74.538	-88	74.539	1016
74.666	280	74.667	-88	74.667	940
74.794	392	74.794	-96	74.796	924
74.926	336	74.926	-84	74.927	972
75.054	208	75.054	-68	75.055	976
75.182	-72	75.183	-52	75.183	984
75.31	-304	75.31	-60	75.311	1028
75.438	-600	75.439	-24	75.439	824
75.566	-808	75.566	-24	75.567	568
75.694	-876	75.694	-44	75.696	544
75.822	-828	75.822	-68	75.823	436
75.95	-48	75.95	-120	75.951	1012
76.078	384	76.079	-88	76.08	912
76.206	740	76.206	-144	76.207	576
76.334	956	76.334	-116	76.335	204
76.462	940	76.463	-100	76.463	508
76.59	108	76.59	-68	76.591	836
76.718	-592	76.718	-56	76.719	744
76.845	-856	76.846	-28	76.847	604
76.974	-944	76.974	-36	76.975	356
77.102	4	77.103	-120	77.103	952
77.234	456	77.234	-104	77.235	888
77.362	944	77.362	-140	77.364	404
77.49	920	77.491	-136	77.491	220
77.618	444	77.618	-84	77.619	540
77.746	-232	77.747	-36	77.747	1024
77.874	392	77.875	-156	77.875	1008
78.006	296	78.007	-80	78.007	1052
78.133	84	78.134	-104	78.135	960
78.262	352	78.262	-100	78.263	912
78.39	-104	78.401	-88	78.4	936
78.522	412	78.522	-80	78.523	856
78.65	140	78.651	-148	78.651	1004
78.782	-284	78.783	-80	78.783	796
78.91	380	78.911	-84	78.911	888
79.038	548	79.038	-144	79.039	808
79.166	156	79.166	-24	79.167	856
79.294	308	79.294	-40	79.296	1060
79.421	-112	79.422	228	79.423	1112
79.55	44	79.55	-36	79.551	1032
79.678	-8	79.678	-120	79.68	840
79.806	400	79.806	-108	79.807	976
79.933	324	79.943	-60	79.942	1008
80.062	-272	80.062	-128	80.063	784
80.19	344	80.19	-68	80.191	932
80.317	84	80.318	-80	80.319	904
80.446	460	80.446	-92	80.447	1000
80.574	744	80.574	16	80.575	724
80.702	964	80.702	-32	80.703	356
80.83	1104	80.831	8	80.831	844
80.958	328	80.958	-76	80.959	952
81.085	556	81.086	-60	81.087	632
81.214	852	81.215	-8	81.215	200
81.345	660	81.346	-124	81.347	728
81.474	988	81.474	-96	81.483	208
81.602	1212	81.602	-148	81.603	-104
81.729	912	81.73	-128	81.731	-356
81.857	1124	81.858	-136	81.859	-120
81.985	-176	81.986	-108	81.987	840
82.114	236	82.115	-72	82.115	840
82.245	616	82.246	-136	82.247	1156
82.373	-220	82.374	-92	82.375	476
82.502	688	82.502	-152	82.503	1100
82.63	412	82.631	-68	82.631	820
82.758	1084	82.758	-180	82.759	700
82.886	1044	82.887	-160	82.887	-312
83.018	788	83.018	-44	83.019	-400
83.145	1088	83.146	-168	83.147	-244
83.274	2040	83.274	-84	83.275	960
83.401	664	83.402	4	83.403	580
83.53	1144	83.531	-128	83.531	600
83.658	68	83.659	-68	83.659	720
83.789	704	83.79	-28	83.791	576
83.917	608	83.918	-16	83.919	940
84.045	472	84.046	-28	84.047	768
84.174	0	84.174	96	84.175	892
84.302	-144	84.302	0	84.303	1204
84.43	-1040	84.431	32	84.431	68
84.558	-1340	84.558	16	84.559	-112
84.686	488	84.686	-608	84.687	992
84.814	956	84.814	-408	84.815	748
84.942	848	84.942	-476	84.943	288
85.07	884	85.07	-344	85.071	284
85.198	192	85.198	-156	85.199	1360
85.325	-760	85.326	-132	85.327	64
85.453	168	85.454	-200	85.455	744
85.582	656	85.582	-272	85.583	648
85.709	204	85.71	-112	85.711	820
85.837	1276	85.838	-136	85.841	268
85.969	952	85.97	-112	85.971	184
86.097	24	86.098	-156	86.099	736
86.225	-392	86.237	-56	86.235	1088
86.354	-440	86.354	-492	86.355	784
86.482	-308	86.482	-280	86.483	748
86.609	480	86.61	-280	86.611	868
86.741	728	86.742	-356	86.743	724
86.87	312	86.87	-368	86.871	872
86.998	236	86.998	-452	86.999	900
87.126	176	87.126	-380	87.127	1104
87.254	-8	87.254	-312	87.255	976
87.382	20	87.382	-376	87.383	1016
87.514	-280	87.515	-484	87.515	968
87.641	-16	87.642	-712	87.643	600
87.769	84	87.77	-596	87.771	716
87.898	136	87.898	-508	87.899	1104
88.026	60	88.026	-200	88.027	1284
88.153	8	88.154	-256	88.155	816
88.282	-168	88.282	-100	88.283	1008
88.409	380	88.41	-152	88.411	996
88.538	-16	88.538	-64	88.539	940
88.666	-56	88.666	68	88.667	1288
88.794	60	88.794	-72	88.796	1000
88.922	664	88.922	-64	88.923	880
89.05	452	89.05	-132	89.051	880
89.177	-192	89.178	-52	89.18	780
89.305	-360	89.306	-100	89.307	976
89.433	440	89.434	-212	89.435	1052
89.561	-256	89.562	-176	89.563	1068
89.69	-752	89.69	-96	89.691	620
89.818	-996	89.818	-44	89.819	208
89.945	-1020	89.946	-12	89.947	172
90.073	-856	90.074	-208	90.075	312
90.202	-912	90.203	-232	90.204	520
90.333	-264	90.334	-484	90.335	472
90.461	-600	90.462	-440	90.463	604
90.589	-612	90.59	-540	90.591	688
90.717	-436	90.718	-404	90.719	608
90.845	-708	90.846	-340	90.847	664
90.973	-256	90.974	-204	90.975	660
91.101	-260	91.102	-400	91.113	952
91.229	-384	91.23	-360	91.231	956
91.357	-292	91.358	-376	91.359	792
91.485	-292	91.486	-328	91.487	932
91.613	-360	91.615	-316	91.615	884
91.741	-452	91.742	-252	91.743	856
91.873	-208	91.874	-364	91.875	1064
92.001	-312	92.002	-288	92.003	996
92.129	-288	92.131	-352	92.131	748
92.257	-176	92.258	-336	92.259	844
92.385	76	92.386	-360	92.387	892
92.513	596	92.515	-204	92.515	1100
92.641	952	92.642	-356	92.643	-28
92.769	2040	92.77	-252	92.771	188
92.897	452	92.898	-112	92.899	560
93.025	2024	93.026	-236	93.027	2040
93.153	1152	93.154	-284	93.155	672
93.284	144	93.285	-204	93.286	632
93.413	1232	93.415	-160	93.415	340
93.541	584	93.542	-52	93.543	564
93.669	-652	93.67	-72	93.671	432
93.797	256	93.798	0	93.799	1356
93.925	-608	93.926	20	93.927	928
94.053	-660	94.054	-24	94.055	1136
94.181	-324	94.182	-148	94.183	904
94.309	-120	94.31	-220	94.312	696
94.437	316	94.438	-868	94.439	-52
94.565	-172	94.566	-732	94.567	-448
94.693	172	94.694	-756	94.696	-596
94.821	60	94.822	-360	94.823	-1188
94.949	-348	94.95	648	94.951	712
95.077	284	95.078	-256	95.08	680
95.205	324	95.206	-132	95.207	1288
95.333	-16	95.334	-80	95.335	1044
95.461	-316	95.462	-92	95.463	1612
95.589	-24	95.59	-836	95.591	448
95.717	-56	95.718	-476	95.719	-732
95.845	116	95.846	-400	95.847	-1520
95.973	-1240	95.974	404	95.975	-1696
96.101	-140	96.102	-244	96.103	996
96.229	96	96.231	-312	96.231	1188
96.357	-196	96.358	-268	96.359	1088
96.485	-312	96.486	-404	96.487	1244
96.613	336	96.614	-728	96.615	-472
96.741	56	96.742	-836	96.743	-536
96.869	-140	96.87	-1088	96.871	516
96.997	-20	96.998	-612	96.999	612
97.125	-172	97.126	-508	97.127	924
97.253	60	97.254	-220	97.255	1020
97.381	64	97.383	-300	97.383	1032
97.509	68	97.518	-280	97.517	900
97.637	124	97.638	-252	97.639	948
97.765	-152	97.766	-216	97.767	1048
97.893	-236	97.894	-236	97.896	1180
98.021	-220	98.022	-956	98.023	-960
98.149	-104	98.15	-888	98.151	240
98.277	-268	98.278	-704	98.28	1000
98.405	-108	98.406	-628	98.407	652
98.534	124	98.535	-468	98.535	892
98.665	216	98.666	-504	98.667	872
98.793	-72	98.794	-368	98.795	868
98.921	-76	98.922	-376	98.923	828
99.049	-156	99.05	-280	99.051	920
99.177	-188	99.178	-284	99.18	1088
99.305	-424	99.306	-244	99.307	964
99.433	-212	99.434	-388	99.435	1020
99.561	48	99.562	-744	99.563	196
99.689	-268	99.69	-936	99.691	320
99.817	-84	99.818	-856	99.819	540
99.945	-88	99.946	-804	99.947	480
100.073	-60	100.074	-664	100.075	820
100.201	80	100.202	-628	100.203	700
100.329	240	100.33	-548	100.331	940
100.457	424	100.458	-576	100.459	652
100.589	352	100.589	-504	100.59	24
100.717	772	100.718	-548	100.719	60
100.845	432	100.846	-488	100.847	276
100.974	-40	100.974	-500	100.975	876
101.101	420	101.102	-432	101.103	888
101.229	-688	101.23	-444	101.231	560
101.357	-240	101.358	-432	101.359	860
101.485	-764	101.486	-484	101.487	-8
101.613	932	101.615	-236	101.615	332
101.741	1068	101.742	-548	101.743	2040
101.869	-600	101.87	-308	101.871	-448
101.997	-468	101.998	-332	101.999	484
102.125	1160	102.126	-464	102.127	1204
102.253	-500	102.254	-272	102.255	440
102.381	1616	102.382	44	102.384	1816
102.509	1132	102.51	-256	102.511	1016
102.637	-1040	102.638	-96	102.639	252
102.765	1748	102.766	212	102.767	-80
102.893	-1480	102.894	116	102.895	-92
103.021	-8	103.022	328	103.023	-1148
103.149	-1736	103.15	120	103.151	-56
103.277	112	103.278	-100	103.28	1064
103.405	-708	103.406	-100	103.407	804
103.533	572	103.534	-324	103.535	1724
103.661	-64	103.662	-196	103.663	948
103.789	-120	103.79	-252	103.791	1132
103.917	352	103.918	-536	103.919	856
104.045	-76	104.046	-952	104.047	24
104.173	-108	104.174	-852	104.175	216
104.301	-296	104.302	-668	104.303	12
104.429	116	104.43	-312	104.431	1408
104.557	-48	104.558	-320	104.559	856
104.685	-56	104.686	-184	104.687	1016
104.813	64	104.814	-56	104.815	928
104.941	4	104.942	-16	104.943	1468
105.069	-32	105.07	84	105.071	916
105.201	192	105.202	-56	105.203	636
105.329	168	105.33	140	105.331	1448
105.457	-20	105.458	-252	105.459	-48
105.585	192	105.586	312	105.587	1772
105.713	-20	105.714	-408	105.715	-212
105.841	36	105.842	360	105.843	2040
105.969	144	105.97	-408	105.971	-152
106.097	-240	106.098	280	106.099	2040
106.225	96	106.226	-288	106.227	-148
106.353	-392	106.354	236	106.355	2040
106.481	76	106.482	-424	106.483	-544
106.609	-912	106.61	420	106.611	2040
106.737	184	106.738	-388	106.739	-612
106.865	-368	106.866	432	106.867	2040
106.993	-156	106.994	-372	106.995	-464
107.121	-92	107.122	316	107.123	2040
107.252	24	107.251	-420	107.251	-108
107.377	-108	107.378	372	107.38	2040
107.505	60	107.506	-456	107.507	-248
107.633	12	107.634	308	107.635	2040
107.761	-264	107.762	-352	107.763	-332
107.889	-132	107.892	380	107.893	2040
108.021	-140	108.022	-412	108.023	-260
108.153	16	108.154	168	108.155	2016
108.281	-4	108.282	-396	108.283	-384
108.409	-56	108.41	472	108.411	2040
108.537	12	108.538	-336	108.539	-396
108.665	60	108.666	220	108.667	1604
108.793	-100	108.794	-188	108.796	1056
108.925	-40	108.926	-56	108.927	984
109.053	-28	109.054	-92	109.055	992
109.181	-108	109.182	-36	109.183	1100
109.309	-64	109.31	28	109.311	1036
109.437	-176	109.438	168	109.439	868
109.565	172	109.566	-824	109.567	1080
109.693	-324	109.694	244	109.695	856
109.821	-148	109.822	480	109.823	996
109.949	712	109.95	-1416	109.951	1032
110.077	-44	110.078	736	110.08	1004
110.205	-148	110.206	-616	110.207	1012
110.333	-16	110.334	-184	110.335	1076
110.461	-88	110.462	860	110.463	900
110.589	260	110.59	-1452	110.591	1140
110.717	-40	110.718	984	110.719	1004
110.845	-20	110.846	24	110.847	804
110.973	564	110.974	-1200	110.975	956
111.101	88	111.102	996	111.103	648
111.233	-24	111.234	-1056	111.235	1304
111.361	-64	111.362	364	111.363	980
111.489	-124	111.49	312	111.491	852
111.617	920	111.618	-1528	111.618	716
111.745	-48	111.746	1136	111.747	1092
111.873	196	111.874	-260	111.875	1088
112.005	-24	112.006	-24	112.007	1116
112.133	-20	112.134	932	112.135	588
112.261	152	112.262	-1244	112.263	1540
112.389	-264	112.39	840	112.391	1172
112.517	-80	112.518	380	112.519	596
112.645	576	112.646	-900	112.647	1332
112.777	-12	112.778	256	112.779	844
112.905	56	112.906	-60	112.907	1076
113.033	64	113.034	-108	113.035	1020
113.161	-4	113.162	-44	113.163	1008
113.289	0	113.29	-64	113.291	1016
113.417	-12	113.418	-40	113.419	1008
113.549	20	113.55	-56	113.55	1012
113.677	-8	113.678	-172	113.679	1040
113.805	-8	113.806	-56	113.807	980
113.933	-80	113.934	60	113.935	996
114.061	0	114.062	-64	114.062	1036
114.189	-20	114.19	-8	114.191	1036
114.321	0	114.322	-112	114.323	1016
114.449	-16	114.45	-76	114.451	1040
114.577	-20	114.578	-68	114.579	1040
114.705	-52	114.706	-4	114.707	1032
114.833	-60	114.834	-12	114.835	1004
114.961	-52	114.962	88	114.963	920
115.089	-20	115.09	-8	115.09	1008
115.217	-12	115.218	-260	115.219	1064
115.345	-80	115.348	-84	115.349	1020
115.477	-80	115.478	0	115.48	1000
115.605	-92	115.606	-28	115.606	932
115.733	-76	115.734	-32	115.734	1056
115.861	-80	115.862	-52	115.863	1028
115.989	-116	115.99	-40	115.99	984
116.117	-84	116.118	-40	116.119	1016
116.245	-84	116.246	-52	116.247	1012
116.373	-84	116.374	-60	116.374	988
116.501	-96	116.502	-48	116.502	1008
116.629	-120	116.63	-28	116.631	1000
116.757	-96	116.758	-56	116.758	1004
116.885	-76	116.886	-64	116.887	988
117.013	-88	117.015	-64	117.014	992
117.141	36	117.142	-32	117.142	1024
117.269	-348	117.27	32	117.271	732
117.397	-424	117.398	44	117.399	904
117.525	1208	117.526	-80	117.526	1288
117.653	-1640	117.654	160	117.654	780
117.781	464	117.782	16	117.783	1188
117.909	-36	117.91	84	117.91	704
118.037	-1340	118.038	212	118.038	964
118.165	1616	118.166	-104	118.167	1212
118.293	-976	118.294	176	118.294	796
118.421	-224	118.422	-20	118.422	676
118.549	1436	118.55	-68	118.551	1148
118.677	-1296	118.678	208	118.679	1148
118.809	356	118.81	28	118.811	556
118.937	624	118.938	16	118.939	564
119.065	-1596	119.066	384	119.067	1284
119.193	1612	119.194	-172	119.194	836
119.321	-476	119.322	236	119.322	888
119.449	-1044	119.45	284	119.451	1292
119.581	1852	119.582	-264	119.582	1224
119.709	-1180	119.71	348	119.711	1016
119.837	-396	119.838	176	119.838	844
119.965	1004	119.966	-120	119.967	704
120.097	-1560	120.097	416	120.095	1196
120.221	504	120.222	44	120.222	860
120.353	128	120.354	80	120.354	856
120.481	-1404	120.482	456	120.482	1480
120.609	1488	120.61	-128	120.61	892
120.737	-932	120.738	284	120.739	968
120.869	-548	120.87	208	120.871	496
120.997	2008	120.998	-344	120.999	1776
121.125	-844	121.126	348	121.126	1312
121.253	-16	121.254	-68	121.254	924
121.381	56	121.382	-80	121.382	988
121.509	68	121.51	-92	121.511	756
121.637	-40	121.638	-28	121.638	1040
121.765	0	121.766	-36	121.766	1004
121.893	-36	121.894	-8	121.895	976
122.021	-40	122.022	-24	122.023	1044
122.149	-32	122.15	-64	122.15	1032
122.277	-36	122.278	-72	122.28	1028
122.405	-36	122.406	-64	122.407	1012
122.533	-72	122.534	-56	122.535	992
122.661	-36	122.662	-84	122.663	1024
122.789	-36	122.79	-68	122.793	1044
122.921	-36	122.922	-84	122.923	952
123.049	-48	123.05	-88	123.051	992
123.177	-64	123.178	-64	123.18	1020
123.305	-68	123.306	-88	123.306	972
123.433	-64	123.434	-88	123.434	996
123.561	-100	123.562	-60	123.563	988
123.689	-72	123.69	-92	123.691	1008
123.817	-64	123.818	-96	123.818	988
123.945	-72	123.946	-88	123.947	960
124.073	-68	124.074	-84	124.075	1016
124.201	-64	124.202	-96	124.202	1004
124.329	-76	124.33	-76	124.33	1012
124.457	-52	124.458	-88	124.458	980
124.585	-52	124.585	-84	124.586	1012
124.713	-40	124.714	-80	124.714	1020
124.841	-68	124.842	-92	124.843	992
124.969	-88	124.97	-72	124.97	1012
125.097	-52	125.098	-100	125.098	976
125.225	-24	125.225	-100	125.226	1048
125.353	-4	125.354	-88	125.354	1020
125.481	-8	125.482	-92	125.483	1012
125.609	-4	125.61	-120	125.61	956
125.737	-60	125.737	-72	125.738	1028
125.865	-28	125.866	-112	125.866	1004
125.993	8	125.994	-116	125.995	1020
126.125	-40	126.126	-100	126.126	988
126.253	-8	126.253	-120	126.254	988
126.381	-56	126.382	-92	126.382	984
126.509	-76	126.51	-88	126.518	1004
126.637	-20	126.638	-120	126.638	992
126.765	-12	126.766	-96	126.766	948
126.893	-36	126.894	-72	126.895	984
127.021	-112	127.021	-72	127.022	1064
127.149	-108	127.15	-60	127.15	916
127.277	-164	127.278	-32	127.279	980
127.405	-136	127.406	-32	127.406	980
127.533	-56	127.534	-128	127.534	972
127.661	-212	127.662	-36	127.663	920
127.789	68	127.79	-276	127.79	1000
127.917	-52	127.918	-168	127.918	1104
128.045	-152	128.045	-136	128.046	1148
128.173	-164	128.174	-52	128.174	1140
128.301	36	128.301	-164	128.302	1032
128.429	-8	128.43	-96	128.431	1112
128.557	-376	128.557	60	128.559	1000
128.685	264	128.686	-228	128.686	1676
128.813	-116	128.815	60	128.814	1064
128.941	-320	128.942	184	128.942	1288
129.069	-144	129.07	132	129.07	904
129.197	-76	129.198	-44	129.198	968
129.325	-100	129.325	-32	129.326	996
129.453	-100	129.453	-28	129.454	1004
129.581	-92	129.582	-24	129.582	996
129.709	-100	129.71	-20	129.71	1008
129.837	-100	129.837	-20	129.838	1008
129.965	-92	129.966	-16	129.966	1004
130.093	-92	130.093	-24	130.094	1004
130.221	-100	130.222	-20	130.222	1004
130.353	-108	130.353	-24	130.354	1004
130.481	-92	130.482	-24	130.482	1008
130.609	-92	130.61	-28	130.61	1008
130.737	-100	130.738	-24	130.738	992
130.865	-100	130.865	-28	130.866	1004
130.993	-92	130.993	-24	130.994	1004
131.121	-88	131.122	-20	131.123	1004
131.253	-92	131.253	-24	131.254	1008
131.381	-96	131.382	-28	131.382	1008
131.509	-104	131.509	-24	131.51	1008
131.637	-92	131.638	-68	131.638	1008
131.765	-92	131.765	-20	131.766	1012
131.893	-92	131.893	-32	131.895	1004
132.025	-96	132.025	-20	132.026	1008
132.153	-100	132.153	-36	132.154	1008
132.281	-96	132.282	-32	132.282	1008
132.409	-100	132.41	-28	132.411	1004
132.541	-104	132.541	-24	132.542	1000
132.669	-100	132.67	-28	132.67	1008
132.797	-96	132.798	-24	132.798	1004
132.925	-92	132.926	-32	132.926	1004
133.053	-100	133.054	-28	133.054	1012
133.181	-96	133.182	-32	133.182	1004
133.309	-100	133.309	-28	133.31	1004
133.437	-96	133.437	-20	133.438	1004
133.565	-100	133.566	-20	133.566	1004
133.693	-96	133.693	-28	133.694	1008
133.821	-96	133.821	-32	133.822	1008
133.949	-100	133.949	-28	133.95	1004
134.077	-92	134.077	-24	134.079	1008
134.205	-100	134.205	-24	134.206	1004
134.333	-96	134.333	-32	134.334	1008
134.461	-96	134.461	-24	134.463	1008
134.592	-92	134.593	-32	134.591	1012
134.717	-100	134.718	-28	134.718	1004
134.845	-92	134.845	-28	134.846	1004
134.973	-96	134.973	-24	134.974	1008
135.101	-108	135.101	-28	135.102	1004
135.229	-92	135.229	-28	135.23	1004
135.357	-88	135.357	-32	135.358	1008
135.485	-92	135.485	-28	135.486	1012
135.613	-92	135.613	-36	135.614	996
135.741	-100	135.741	-24	135.742	1008
135.869	-100	135.87	-36	135.87	1016
136.001	-104	136.002	-20	136.002	1012
136.129	-96	136.129	-32	136.13	1008
136.257	-96	136.257	-32	136.258	1000
136.385	-92	136.386	-36	136.386	1004
136.513	-100	136.514	-28	136.514	1008
136.641	-100	136.641	-32	136.642	1004
136.769	-100	136.769	-36	136.77	1004
136.897	-96	136.898	-32	136.898	1008
137.024	-96	137.025	-24	137.026	1008
137.153	-96	137.153	-24	137.154	1004
137.281	-96	137.282	-36	137.282	1012
137.409	-96	137.409	-28	137.41	1008
137.537	-92	137.537	-40	137.538	1000
137.664	-92	137.665	-36	137.668	1004
137.797	-92	137.798	-28	137.798	1000
137.925	-100	137.925	-32	137.926	1004
138.053	-96	138.053	-32	138.054	1008
138.181	-100	138.182	-28	138.182	1012
138.309	-96	138.309	-32	138.31	1004
138.437	-96	138.437	-36	138.438	1008
138.565	-96	138.566	-36	138.566	1000
138.693	-92	138.693	-32	138.694	1004
138.82	-96	138.821	-28	138.822	1004
138.949	-96	138.949	-32	138.95	1000
139.077	-92	139.077	-28	139.078	1004
139.204	-92	139.205	-24	139.206	1004
139.333	-96	139.333	-36	139.334	1000
139.461	-92	139.461	-32	139.463	1000
139.589	-92	139.589	-36	139.59	1004
139.716	-100	139.717	-24	139.718	1008
139.845	-92	139.845	-36	139.846	1008
139.973	-96	139.973	-28	139.974	1008
140.101	-100	140.101	-24	140.102	1008
140.229	-92	140.229	-36	140.231	1004
140.36	-92	140.361	-28	140.363	1008
140.488	-96	140.489	-28	140.49	1004
140.617	-104	140.617	-36	140.618	1008
140.745	-96	140.745	-32	140.746	1008
140.873	-100	140.873	-32	140.874	1008
141	-88	141.001	-36	141.011	1004
141.128	-100	141.129	-40	141.13	1012
141.257	-96	141.257	-40	141.258	1012
141.384	-92	141.385	-40	141.386	1012
141.513	-100	141.514	-36	141.514	1000
141.64	-96	141.641	-40	141.642	1012
141.769	-132	141.769	-32	141.77	1000
141.896	-48	141.898	-44	141.898	1008
142.025	-168	142.025	40	142.026	1112
142.153	-20	142.153	0	142.154	1040
142.28	-8	142.282	36	142.282	1000
142.409	60	142.409	-28	142.41	992
142.542	20	142.541	-24	142.539	976
142.664	96	142.665	-40	142.666	952
142.792	72	142.793	-32	142.794	956
142.921	108	142.921	-16	142.922	980
143.049	84	143.049	-40	143.05	1048
143.176	24	143.177	-36	143.178	972
143.304	-20	143.305	0	143.306	988
143.433	-24	143.433	-28	143.434	944
143.56	16	143.561	-16	143.563	984
143.689	0	143.689	16	143.69	972
143.817	12	143.817	-28	143.818	1100
143.944	16	143.945	-76	143.946	1056
144.073	-88	144.073	-328	144.078	-964
144.201	-236	144.201	424	144.202	2040
144.328	-452	144.329	360	144.33	1300
144.456	-16	144.457	68	144.458	948
144.585	-180	144.585	120	144.586	1056
144.712	-64	144.713	52	144.714	1016
144.841	-52	144.841	52	144.842	1076
144.968	8	144.969	32	144.97	1092
145.097	4	145.098	-12	145.098	1072
145.228	-52	145.228	-28	145.23	1036
145.356	-84	145.357	-44	145.358	1068
145.484	-64	145.485	-60	145.486	920
145.612	4	145.613	-64	145.614	680
145.741	-1348	145.741	1360	145.742	2040
145.868	80	145.869	104	145.87	1020
145.996	-96	145.998	40	145.998	880
146.124	-168	146.125	32	146.126	1052
146.252	-32	146.253	-52	146.254	888
146.38	-132	146.382	-8	146.382	704
146.508	-40	146.509	-56	146.51	1176
146.637	-84	146.637	-36	146.638	1384
146.764	60	146.765	-136	146.766	660
146.893	-80	146.893	556	146.894	2040
147.02	-384	147.021	404	147.022	1656
147.149	56	147.149	60	147.15	776
147.278	-56	147.277	-4	147.278	464
147.404	-44	147.405	32	147.406	1024
147.532	-92	147.533	36	147.534	1044
147.661	-76	147.661	8	147.663	932
147.788	-100	147.789	-36	147.79	968
147.916	28	147.917	-72	147.918	876
148.044	104	148.045	28	148.047	1172
148.177	72	148.177	28	148.178	1072
148.305	96	148.305	12	148.306	1152
148.433	136	148.433	-60	148.434	1328
148.561	-32	148.561	24	148.562	1180
148.689	-100	148.689	32	148.69	456
148.816	56	148.817	-80	148.818	1504
148.945	120	148.945	-64	148.946	1568
149.072	-20	149.073	0	149.074	748
149.2	-296	149.201	-40	149.202	-580
149.329	96	149.329	-168	149.33	2040
149.457	-84	149.458	68	149.458	1580
149.589	-44	149.589	-92	149.59	812
149.716	-96	149.717	240	149.718	-2040
149.844	200	149.845	-52	149.846	2040
149.972	-28	149.973	136	149.974	1580
150.1	68	150.101	-40	150.102	792
150.228	-192	150.229	52	150.23	-856
150.356	472	150.357	-124	150.358	2040
150.493	76	150.492	132	150.49	1580
150.612	56	150.613	52	150.614	1116
150.74	72	150.741	-72	150.742	-656
150.868	148	150.869	-12	150.87	2040
150.996	-56	150.998	132	150.998	1252
151.125	-156	151.125	160	151.126	1912
151.253	-112	151.253	-36	151.254	-72
151.38	204	151.381	152	151.382	1496
151.508	164	151.509	208	151.51	1692
151.636	-20	151.637	68	151.638	1516
151.764	12	151.765	-12	151.766	-64
151.892	4	151.893	92	151.894	972
152.021	488	152.021	-56	152.022	1824
152.148	40	152.149	-12	152.15	1000
152.276	-180	152.277	-32	152.278	-520
152.404	4	152.405	136	152.406	2040
152.536	-72	152.537	72	152.538	868
152.664	116	152.665	-48	152.668	992
152.796	72	152.798	60	152.798	880
152.924	348	152.925	-52	152.926	1180
153.052	-152	153.053	48	153.054	1112
153.18	-212	153.182	40	153.182	932
153.308	292	153.309	-68	153.31	1016
153.436	12	153.437	24	153.438	1008
153.564	168	153.565	-20	153.566	1012
153.692	424	153.694	120	153.694	904
153.82	-864	153.821	156	153.822	1120
153.948	1472	153.949	-252	153.95	1156
154.076	-248	154.077	132	154.078	700
154.204	-276	154.205	-68	154.206	1280
154.332	1416	154.333	-192	154.334	700
154.46	-1328	154.461	200	154.463	1192
154.588	488	154.589	-28	154.59	1056
154.72	496	154.721	100	154.722	856
154.848	-1444	154.849	236	154.85	1584
154.976	344	154.977	80	154.978	752
155.104	36	155.105	-28	155.106	1060
155.233	12	155.233	-112	155.234	996
155.36	64	155.361	-44	155.371	1012
155.488	-100	155.489	456	155.49	1168
155.616	612	155.617	-1568	155.618	1136
155.744	-164	155.745	1516	155.746	1180
155.872	-16	155.873	-432	155.874	948
156	-52	156.001	112	156.002	836
156.128	48	156.129	1152	156.13	628
156.256	168	156.257	-1568	156.258	1160
156.384	56	156.385	1212	156.386	964
156.512	92	156.514	-436	156.514	1076
156.64	372	156.641	-732	156.642	1004
156.768	-64	156.769	1288	156.77	940
156.896	324	156.898	-892	156.898	1288
157.024	-116	157.025	88	157.026	824
157.152	112	157.153	180	157.154	1112
157.28	332	157.282	4	157.282	1152
157.408	36	157.409	156	157.41	968
157.536	-144	157.538	104	157.538	928
157.664	-164	157.666	64	157.666	1156
157.792	-144	157.793	92	157.794	960
157.92	-148	157.921	56	157.922	988
158.048	-140	158.05	56	158.05	996
158.176	-164	158.177	52	158.178	1004
158.304	-156	158.305	52	158.306	988
158.432	-152	158.433	64	158.434	1012
158.56	-168	158.561	64	158.563	1008
158.688	-52	158.689	196	158.69	1020
158.816	128	158.817	368	158.818	948
158.944	960	158.945	284	158.947	516
159.072	968	159.073	224	159.074	12
159.2	788	159.201	172	159.202	-516
159.328	312	159.329	328	159.33	-804
159.456	420	159.457	156	159.458	-804
159.585	488	159.585	96	159.586	-1060
159.716	324	159.717	128	159.718	-1024
159.844	320	159.845	132	159.846	-1008
159.972	312	159.973	124	159.974	-1020
160.1	240	160.101	124	160.103	-1000
160.232	276	160.233	100	160.234	-1024
160.36	392	160.361	172	160.363	-652
160.488	604	160.489	280	160.49	-724
160.616	580	160.617	284	160.618	-816
160.744	532	160.745	172	160.746	-864
160.872	272	160.873	140	160.874	-1044
161	236	161.001	180	161.002	-1032
161.128	452	161.129	340	161.13	-1472
161.256	-52	161.257	148	161.258	-1104
161.384	260	161.385	52	161.386	-500
161.512	-368	161.513	428	161.514	-736
161.64	-328	161.641	332	161.642	-1668
161.768	-248	161.769	96	161.77	-516
161.896	84	161.898	-56	161.898	-508
162.024	-60	162.025	-72	162.026	-776
162.156	-760	162.157	552	162.158	-2040
162.284	-316	162.285	152	162.286	-1196
162.412	-136	162.413	92	162.414	-816
162.54	-164	162.541	48	162.542	-1068
162.668	-96	162.669	64	162.67	-1080
162.796	-56	162.798	64	162.798	-1088
162.925	-116	162.925	84	162.926	-924
163.056	-100	163.057	92	163.058	-1064
163.184	-80	163.185	92	163.186	-1028
163.312	-112	163.313	84	163.314	-1016
163.44	-80	163.441	96	163.442	-1120
163.568	-216	163.578	68	163.576	-1496
163.7	20	163.701	-32	163.702	-612
163.828	-228	163.829	100	163.83	2040
163.956	-1020	163.957	544	163.958	-2040
164.084	-168	164.085	68	164.086	-900
164.212	-168	164.213	20	164.214	-1004
164.34	-36	164.341	108	164.342	-1012
164.468	-88	164.469	96	164.47	-1076
164.596	-80	164.598	108	164.598	-1064
164.724	-124	164.725	260	164.726	-2040
164.852	-112	164.853	8	164.854	-68
164.98	-240	164.982	-28	164.982	2040
165.108	104	165.109	676	165.11	-2040
165.236	-296	165.237	148	165.238	-976
165.364	576	165.365	228	165.366	1872
165.492	528	165.493	712	165.494	-2040
165.62	-224	165.621	204	165.622	-1784
165.748	-36	165.749	96	165.75	872
165.876	-800	165.877	1096	165.878	-2040
166.004	-196	166.005	60	166.006	-952
166.132	-4	166.133	176	166.134	-1016
166.26	92	166.261	152	166.262	-1208
166.388	952	166.389	448	166.39	240
166.516	1056	166.517	356	166.518	528
166.644	796	166.645	252	166.646	508
166.772	168	166.773	1336	166.774	-792
166.9	-84	166.901	140	166.902	1208
167.028	104	167.029	-144	167.03	968
167.156	-8	167.157	104	167.158	988
167.284	4	167.285	88	167.286	1000
167.412	0	167.413	96	167.414	1004
167.54	0	167.543	100	167.545	992
167.672	4	167.673	96	167.673	1004
167.8	-4	167.801	96	167.802	1004
167.928	8	167.929	92	167.93	1000
168.056	4	168.057	92	168.058	1008
168.184	-4	168.185	96	168.186	1008
168.312	4	168.313	100	168.314	1012
168.44	0	168.441	96	168.442	1004
168.568	4	168.569	100	168.57	1004
168.696	0	168.697	88	168.698	1004
168.824	4	168.825	96	168.825	1004
168.952	4	168.953	96	168.954	1012
169.08	-4	169.082	92	169.081	1004
169.208	8	169.209	96	169.21	1008
169.336	4	169.337	92	169.338	1004
169.464	-4	169.465	92	169.466	1000
169.592	-4	169.593	92	169.593	1004
169.72	0	169.721	88	169.722	1008
169.848	0	169.849	100	169.85	992
169.98	4	169.982	100	169.982	1004
170.108	4	170.109	92	170.11	1004
170.236	4	170.237	84	170.238	1008
170.364	4	170.365	96	170.366	1004
170.492	8	170.493	104	170.494	1000
170.62	4	170.621	104	170.622	1012
170.748	4	170.749	96	170.75	1000
170.876	8	170.877	88	170.877	1008
171.004	0	171.005	96	171.006	1004
171.132	-4	171.133	100	171.134	1000
171.26	0	171.261	92	171.262	1004
171.388	0	171.389	96	171.39	1008
171.516	4	171.517	92	171.518	1000
171.644	0	171.645	96	171.647	1008
171.772	0	171.773	100	171.774	1004
171.9	4	171.901	96	171.901	996
172.028	0	172.029	92	172.03	1008
172.156	4	172.157	92	172.158	1004
172.284	0	172.285	100	172.286	1012
172.412	4	172.413	96	172.414	1004
172.54	0	172.541	104	172.542	1004
172.668	4	172.669	96	172.669	1000
172.796	0	172.798	96	172.797	1012
172.924	8	172.925	100	172.926	1012
173.052	8	173.053	88	173.054	1004
173.18	4	173.182	92	173.181	1012
173.308	8	173.309	92	173.31	1008
173.436	4	173.437	100	173.438	1008
173.564	4	173.565	92	173.565	1008
173.692	0	173.693	100	173.694	1000
173.82	0	173.821	100	173.822	1000
173.952	4	173.953	96	173.954	1012
174.08	4	174.082	92	174.082	1000
174.208	0	174.209	100	174.21	1004
174.336	4	174.337	96	174.338	1008
174.464	8	174.465	92	174.465	1016
174.592	0	174.593	92	174.594	1000
174.724	0	174.725	96	174.726	1004
174.852	4	174.853	96	174.854	1012
174.98	4	174.982	100	174.982	1000
175.108	-4	175.109	92	175.11	1008
175.236	4	175.24	96	175.24	1000
175.368	0	175.369	96	175.37	1004
175.496	0	175.497	104	175.498	1004