t,x,y,z
0.000,-12,86,-3209
0.050,72,89,-1418
0.100,57,74,-1018
0.150,55,108,-907
0.200,111,90,-1059
0.250,-10,90,-895
0.300,84,50,-957
0.350,-27,20,-961
0.400,165,12,-970
0.450,119,78,-1089
0.500,145,-121,-1210
0.550,50,-89,-930
0.600,148,-128,-932
0.650,9,-52,-1024
0.700,90,7,-949
0.750,99,-19,-962
0.800,9,-138,-1038
0.850,85,-109,-813
0.900,-35,-183,-939
0.950,129,-58,-933
1.000,114,-108,-1114
1.050,-58,-23,-1115
1.100,-28,-75,-1025
1.150,12,-43,-814
1.200,-9,-130,-1045
1.250,-137,5,-1045
1.300,-87,1,-1058
1.350,-113,-193,-1087
1.400,-141,2,-905
1.450,-100,5,-987
1.500,-13,71,-978
1.550,-180,88,-970
1.600,3,29,-844
1.650,-118,173,-991
1.700,-122,-31,-1012
1.750,43,136,-945
1.800,-249,138,-956
1.850,-89,39,-1000
1.900,107,11,-1035
1.950,93,63,-1327
2.000,8,1,-3182
2.050,-81,170,-1297
2.100,214,118,-891
2.150,-59,79,-974
2.200,198,-54,-921
2.250,118,193,-943
2.300,85,17,-1100
2.350,105,30,-838
2.400,46,57,-1126
2.450,67,37,-934
2.500,216,-4,-1089
2.550,135,26,-961
2.600,39,60,-993
2.650,145,57,-951
2.700,104,113,-981
2.750,47,-62,-881
2.800,68,-39,-904
2.850,4,-227,-976
2.900,49,-144,-930
2.950,64,-178,-959
3.000,-16,-219,-964
3.050,-19,-158,-958
3.100,8,-141,-968
3.150,36,-146,-970
3.200,-59,100,-1149
3.250,-15,-95,-1008
3.300,71,-59,-821
3.350,-124,-17,-1039
3.400,-150,-26,-1023
3.450,-83,-184,-840
3.500,-113,139,-1081
3.550,-75,269,-1070
3.600,-215,-13,-962
3.650,-34,149,-1021
3.700,-209,24,-901
3.750,-33,-86,-1003
3.800,53,251,-955
3.850,-21,-10,-1067
3.900,-27,135,-954
3.950,-54,7,-1360
4.000,-93,151,-3385
4.050,-11,135,-1176
4.100,37,175,-1033
4.150,-14,35,-878
4.200,138,120,-734
4.250,68,120,-975
4.300,63,244,-879
4.350,-23,13,-966
4.400,158,-77,-1180
4.450,-54,10,-1008
4.500,128,-62,-1098
4.550,-63,11,-970
4.600,175,32,-1015
4.650,197,-56,-1053
4.700,39,-106,-1173
4.750,83,-51,-1029
4.800,2,-51,-863
4.850,48,-130,-1047
4.900,25,-196,-1010
4.950,21,49,-925
5.000,83,-157,-946
5.050,-107,-74,-967
5.100,-92,65,-955
5.150,-198,-45,-1033
5.200,-59,-44,-969
5.250,-234,-163,-938
5.300,23,93,-856
5.350,-254,16,-1153
5.400,34,-11,-1091
5.450,62,36,-1151
5.500,-77,-58,-991
5.550,-136,126,-1114
5.600,-70,176,-1066
5.650,-72,62,-1055
5.700,-29,67,-1076
5.750,70,134,-1013
5.800,-110,18,-902
5.850,-57,126,-1015
5.900,18,86,-940
5.950,-30,165,-1244
6.000,-9,31,-3275
6.050,-44,20,-1228
6.100,27,221,-818
6.150,47,-35,-1031
6.200,53,-38,-1020
6.250,94,34,-1061
6.300,20,202,-1013
6.350,23,16,-924
6.400,40,69,-942
6.450,159,128,-1044
6.500,191,-63,-1032
6.550,194,50,-1000
6.600,0,14,-1050
6.650,15,-97,-980
6.700,-89,-30,-986
6.750,24,12,-951
6.800,10,-135,-944
6.850,-76,-116,-1050
6.900,36,-78,-997
6.950,106,-81,-1025
7.000,-97,-42,-958
7.050,100,-159,-998
7.100,-36,-102,-999
7.150,-183,-23,-948
7.200,32,99,-1026
7.250,-74,-70,-845
7.300,-219,-20,-1118
7.350,-296,-207,-1111
7.400,-10,-100,-1018
7.450,-192,33,-1088
7.500,5,-79,-1061
7.550,-89,18,-886
7.600,-85,-66,-1045
7.650,-135,103,-969
7.700,-90,128,-1042
7.750,-82,85,-878
7.800,-67,53,-1084
7.850,9,42,-973
7.900,-183,179,-1107
7.950,-78,183,-1404
8.000,-6,106,-3280
8.050,123,219,-1455
8.100,-85,160,-1105
8.150,14,99,-945
8.200,41,89,-1062
8.250,174,31,-973
8.300,40,67,-1013
8.350,76,-36,-936
8.400,208,50,-941
8.450,166,90,-976
8.500,117,69,-994
8.550,21,-14,-1151
8.600,95,2,-901
8.650,101,29,-1000
8.700,-1,-172,-1078
8.750,-39,-20,-1017
8.800,104,-75,-916
8.850,130,-141,-1022
8.900,-12,-225,-946
8.950,111,-99,-1039
9.000,87,-288,-986
9.050,-4,-144,-889
9.100,47,-116,-1007
9.150,-76,-130,-1105
9.200,52,1,-936
9.250,-158,96,-842
9.300,-66,-131,-1069
9.350,-56,-118,-1003
9.400,-8,-151,-840
9.450,27,-115,-1113
9.500,-123,-82,-1021
9.550,-305,-3,-856
9.600,-184,9,-1119
9.650,-38,27,-845
9.700,-64,29,-956
9.750,-111,-36,-976
9.800,-73,94,-970
9.850,-86,123,-861
9.900,-120,234,-1020
9.950,-77,293,-1285
10.000,110,165,-3334
10.050,25,57,-1405
10.100,-111,103,-954
10.150,77,65,-1064
10.200,-20,36,-1083
10.250,54,69,-1072
10.300,62,-2,-1000
10.350,130,60,-962
10.400,-37,1,-978
10.450,150,-112,-987
10.500,197,-14,-1008
10.550,135,4,-946
10.600,101,-19,-1063
10.650,75,55,-1016
10.700,67,-98,-937
10.750,2,2,-1075
10.800,-26,-64,-990
10.850,69,-4,-1033
10.900,66,-168,-899
10.950,66,-56,-985
11.000,-63,-126,-960
11.050,-17,-89,-1109
11.100,-16,-150,-1087
11.150,-58,-238,-944
11.200,9,-85,-1080
11.250,-146,-83,-1194
11.300,-66,-6,-1025
11.350,-129,-31,-972
11.400,-8,-29,-1055
11.450,-136,-1,-876
11.500,-126,-84,-1070
11.550,-266,42,-1109
11.600,-194,-127,-1089
11.650,-44,-60,-1140
11.700,-67,31,-965
11.750,-11,70,-1104
11.800,-69,121,-1047
11.850,-160,177,-1033
11.900,-64,96,-918
11.950,5,72,-1243
12.000,172,211,-3146
12.050,-74,399,-1394
12.100,1,39,-871
12.150,79,-25,-979
12.200,103,55,-1098
12.250,13,36,-998
12.300,39,118,-1076
12.350,-49,-14,-892
12.400,49,218,-961
12.450,6,-51,-981
12.500,6,190,-1079
12.550,153,101,-1009
12.600,15,-53,-971
12.650,159,-41,-1112
12.700,84,-113,-1175
12.750,15,-185,-953
12.800,214,68,-1046
12.850,8,-34,-915
12.900,-3,-107,-823
12.950,7,-138,-990
13.000,46,-182,-1020
13.050,-109,-121,-850
13.100,28,-103,-1075
13.150,-70,-5,-1045
13.200,57,-191,-1023
13.250,69,-231,-905
13.300,-229,-66,-1014
13.350,-23,-298,-1153
13.400,-140,-28,-1071
13.450,-116,-111,-1032
13.500,-168,20,-953
13.550,16,-37,-1025
13.600,-91,7,-1004
13.650,-214,75,-1073
13.700,-157,-68,-907
13.750,-82,163,-978
13.800,-195,-6,-939
13.850,-107,2,-1014
13.900,-45,14,-1027
13.950,-54,-108,-1258
14.000,-65,204,-3292
14.050,-111,194,-1425
14.100,-20,143,-1027
14.150,-87,104,-1016
14.200,161,128,-757
14.250,-61,69,-1085
14.300,173,125,-940
14.350,27,-14,-1162
14.400,232,72,-1021
14.450,173,76,-922
14.500,-30,-57,-984
14.550,127,61,-1081
14.600,105,146,-945
14.650,159,-47,-939
14.700,225,-50,-902
14.750,1,-24,-928
14.800,-1,7,-1054
14.850,-19,-89,-845
14.900,56,-20,-1059
14.950,22,-193,-1046
15.000,67,-103,-884
15.050,-32,-115,-898
15.100,-83,-217,-896
15.150,-12,-262,-996
15.200,-91,59,-1058
15.250,-117,-144,-1084
15.300,-137,-174,-1082
15.350,-218,-165,-1125
15.400,-137,-86,-1098
15.450,-61,-19,-1035
15.500,-137,127,-981
15.550,-61,-191,-1052
15.600,-269,-3,-970
15.650,-143,87,-1082
15.700,-35,-66,-1021
15.750,-37,114,-1010
15.800,96,48,-1036
15.850,-266,231,-1030
15.900,-125,201,-902
15.950,-7,-16,-1264
16.000,-50,6,-3117
16.050,-155,144,-1261
16.100,195,121,-1165
16.150,-21,94,-972
16.200,137,-76,-1026
16.250,148,194,-851
16.300,50,147,-863
16.350,185,103,-934
16.400,32,-85,-921
16.450,71,13,-1046
16.500,69,19,-1082
16.550,104,4,-1006
16.600,36,32,-850
16.650,41,53,-929
16.700,-131,-120,-1051
16.750,133,-56,-962
16.800,110,-153,-1060
16.850,-52,-103,-1010
16.900,45,-153,-927
16.950,89,25,-943
17.000,15,-46,-951
17.050,-68,4,-863
17.100,127,-92,-974
17.150,-12,-89,-950
17.200,-68,-96,-859
17.250,-58,-65,-929
17.300,-69,-35,-1005
17.350,-187,-48,-1091
17.400,-78,-125,-927
17.450,-39,7,-1008
17.500,-67,-157,-1088
17.550,-111,43,-1006
17.600,-175,42,-1036
17.650,-175,72,-1017
17.700,15,112,-941
17.750,-45,3,-1075
17.800,-176,311,-1086
17.850,-62,60,-1022
17.900,-78,-54,-1081
17.950,-127,89,-1352
18.000,-55,117,-3247
18.050,90,68,-1280
18.100,-75,148,-1033
18.150,78,116,-1014
18.200,76,50,-892
18.250,145,109,-1094
18.300,-7,6,-1020
18.350,125,-26,-906
18.400,95,-130,-1038
18.450,-108,-44,-1044
18.500,51,-26,-1032
18.550,51,105,-903
18.600,4,69,-1130
18.650,24,77,-1179
18.700,127,-159,-1012
18.750,56,65,-1065
18.800,53,-31,-1020
18.850,-20,-94,-993
18.900,102,-171,-1036
18.950,41,-112,-1015
19.000,-1,-156,-1064
19.050,20,-186,-907
19.100,-14,-197,-977
19.150,-32,-28,-907
19.200,-88,-138,-1048
19.250,-149,-130,-977
19.300,-80,-98,-1059
19.350,-61,-86,-1083
19.400,-107,-52,-1086
19.450,-33,52,-997
19.500,-90,42,-1002
19.550,-27,148,-994
19.600,-60,101,-1027
19.650,-179,118,-1126
19.700,62,128,-985
19.750,-67,211,-1076
19.800,-152,33,-1021
19.850,-126,101,-989
19.900,-96,223,-1112
19.950,-118,129,-1314
20.000,33,50,-3283
20.050,-36,44,-1256
20.100,-7,156,-954
20.150,129,161,-937
20.200,120,40,-1021
20.250,-76,94,-1054
20.300,113,101,-1108
20.350,8,17,-1041
20.400,108,-62,-996
20.450,-36,-157,-943
20.500,-4,-45,-1113
20.550,-14,-48,-1033
20.600,174,5,-1021
20.650,150,44,-967
20.700,48,23,-859
20.750,124,71,-926
20.800,127,-168,-1089
20.850,41,-223,-1047
20.900,100,-148,-957
20.950,-92,-138,-918
21.000,17,-77,-864
21.050,88,-169,-895
21.100,-80,-97,-999
21.150,40,-179,-964
21.200,-17,-16,-1017
21.250,10,-128,-908
21.300,-53,-171,-967
21.350,-75,-74,-1059
21.400,-114,-146,-865
21.450,-189,-69,-908
21.500,-53,58,-879
21.550,-124,-68,-932
21.600,-31,5,-1101
21.650,10,91,-1110
21.700,-19,-56,-1039
21.750,-161,20,-1067
21.800,-108,139,-976
21.850,5,176,-1030
21.900,-25,138,-864
21.950,56,209,-1216
22.000,85,-43,-3130
22.050,33,103,-1340
22.100,-3,128,-934
22.150,-74,107,-1045
22.200,-17,112,-1026
22.250,18,9,-977
22.300,80,-29,-1067
22.350,75,78,-1084
22.400,134,-35,-782
22.450,23,-48,-984
22.500,28,66,-856
22.550,68,-2,-1041
22.600,95,84,-928
22.650,17,78,-907
22.700,120,-112,-995
22.750,7,-33,-1025
22.800,-120,-7,-985
22.850,132,-100,-985
22.900,120,-64,-977
22.950,273,-112,-986
23.000,139,-164,-1083
23.050,-130,-56,-950
23.100,28,-203,-920
23.150,50,-97,-997
23.200,-5,-52,-949
23.250,-158,-85,-1097
23.300,-30,-16,-1008
23.350,-65,-170,-931
23.400,-132,-21,-911
23.450,-159,80,-990
23.500,-98,44,-1100
23.550,-51,21,-917
23.600,-112,2,-970
23.650,-94,-49,-1016
23.700,21,51,-1070
23.750,-13,-78,-1170
23.800,-59,95,-982
23.850,-117,77,-1112
23.900,-13,-34,-1013
23.950,5,-42,-1340
24.000,63,224,-3320
24.050,43,0,-1405
24.100,159,149,-1065
24.150,63,140,-985
24.200,239,129,-1239
24.250,47,12,-1016
24.300,82,7,-1087
24.350,198,93,-1054
24.400,149,85,-899
24.450,14,78,-1049
24.500,192,-15,-1182
24.550,102,-158,-1017
24.600,90,-63,-1119
24.650,0,-113,-1020
24.700,184,-2,-1038
24.750,173,-180,-945
24.800,45,-62,-949
24.850,-9,-25,-1001
24.900,224,-119,-898
24.950,67,-193,-891
25.000,-85,-279,-932
25.050,70,-95,-1021
25.100,96,-38,-1052
25.150,13,-189,-1045
25.200,-143,-257,-1094
25.250,27,-159,-1044
25.300,-174,10,-1000
25.350,-50,-54,-1094
25.400,-173,36,-1005
25.450,-37,-269,-911
25.500,-140,174,-1041
25.550,-97,68,-1070
25.600,-25,-21,-897
25.650,-26,85,-1058
25.700,-98,83,-1163
25.750,-115,146,-1101
25.800,44,31,-974
25.850,-137,128,-963
25.900,60,203,-900
25.950,1,1,-1192
26.000,-104,65,-3141
26.050,51,226,-1298
26.100,-104,73,-987
26.150,17,202,-1020
26.200,-56,118,-1092
26.250,207,92,-1112
26.300,167,248,-1160
26.350,161,84,-986
26.400,123,70,-1055
26.450,212,-92,-843
26.500,222,-95,-1000
26.550,212,-55,-1013
26.600,63,62,-1049
26.650,88,-2,-1017
26.700,12,-166,-1121
26.750,-24,-208,-1058
26.800,83,-77,-1066
26.850,-36,-169,-1111
26.900,-68,-38,-1112
26.950,17,-148,-806
27.000,-144,-85,-1027
27.050,-77,-74,-988
27.100,-116,-61,-969
27.150,59,-138,-882
27.200,-75,-239,-958
27.250,-77,-141,-925
27.300,-119,23,-1007
27.350,-29,9,-962
27.400,-178,43,-998
27.450,61,23,-940
27.500,-161,-32,-992
27.550,-192,-78,-1009
27.600,-101,47,-911
27.650,-121,100,-1012
27.700,-96,79,-1165
27.750,-65,20,-1074
27.800,-210,45,-1150
27.850,24,70,-1135
27.900,-85,156,-1048
27.950,-38,69,-1308
28.000,-136,96,-3245
28.050,252,82,-1334
28.100,110,83,-980
28.150,-25,214,-1050
28.200,89,171,-1024
28.250,71,118,-945
28.300,-6,73,-1076
28.350,29,-6,-903
28.400,223,239,-1005
28.450,31,-62,-871
28.500,-23,-25,-1045
28.550,239,-97,-912
28.600,200,-44,-963
28.650,-34,-52,-1017
28.700,-125,-26,-972
28.750,-65,-184,-1060
28.800,16,-105,-1077
28.850,-35,-65,-1038
28.900,22,-113,-963
28.950,3,-30,-992
29.000,71,0,-1117
29.050,58,44,-1078
29.100,-33,-124,-965
29.150,-4,-143,-895
29.200,-127,-92,-918
29.250,86,-112,-937
29.300,-63,-185,-1076
29.350,-185,-86,-1033
29.400,-93,71,-966
29.450,113,-35,-937
29.500,-67,121,-1030
29.550,-31,146,-1058
29.600,-101,71,-1035
29.650,-159,192,-1018
29.700,58,18,-1017
29.750,-7,54,-1072
29.800,-116,103,-1053
29.850,-38,-91,-1045
29.900,-45,54,-1080
29.950,-86,104,-1179
30.000,-112,78,-3122
30.050,42,91,-1334
30.100,32,87,-1176
30.150,-12,-67,-897
30.200,125,18,-936
30.250,267,21,-896
30.300,110,40,-1088
30.350,45,14,-1185
30.400,138,5,-963
30.450,65,256,-1133
30.500,25,56,-811
30.550,19,131,-1073
30.600,199,-25,-822
30.650,232,-97,-765
30.700,-9,-84,-855
30.750,12,-122,-990
30.800,95,-50,-1060
30.850,61,-38,-880
30.900,57,-195,-998
30.950,-34,7,-1134
31.000,45,-185,-898
31.050,46,-81,-960
31.100,-58,-41,-1004
31.150,13,-84,-1198
31.200,-100,40,-884
31.250,-62,-81,-1027
31.300,-30,-12,-1078
31.350,-36,53,-1076
31.400,-110,6,-942
31.450,-132,-58,-1037
31.500,-69,34,-1002
31.550,-208,-72,-949
31.600,-193,49,-1029
31.650,-137,48,-866
31.700,-58,35,-1118
31.750,-30,162,-951
31.800,34,119,-1104
31.850,-49,131,-942
31.900,-70,90,-971
31.950,86,179,-1246
32.000,32,18,-3288
32.050,8,182,-1266
32.100,76,-25,-1118
32.150,135,86,-1105
32.200,129,102,-764
32.250,171,98,-1012
32.300,99,51,-1115
32.350,163,67,-1220
32.400,44,-35,-922
32.450,95,135,-1127
32.500,14,85,-1052
32.550,14,-58,-1061
32.600,138,59,-1127
32.650,66,-44,-993
32.700,148,-49,-1046
32.750,-18,-217,-1030
32.800,60,-7,-1030
32.850,231,-95,-1039
32.900,61,-173,-983
32.950,-149,-45,-995
33.000,17,-88,-1102
33.050,-88,27,-960
33.100,-79,-61,-967
33.150,111,0,-967
33.200,-95,62,-1008
33.250,-140,-168,-1069
33.300,-110,2,-927
33.350,3,-33,-933
33.400,86,42,-872
33.450,-220,-75,-1060
33.500,-314,6,-889
33.550,-142,31,-1068
33.600,-134,54,-1096
33.650,5,-108,-974
33.700,-120,178,-939
33.750,-237,-123,-1080
33.800,-99,66,-998
33.850,8,-20,-1144
33.900,-11,66,-1009
33.950,-67,85,-1179
34.000,-130,2,-3149
34.050,141,82,-1399
34.100,-129,116,-1101
34.150,219,276,-982
34.200,98,71,-909
34.250,70,76,-891
34.300,131,229,-1131
34.350,45,-27,-933
34.400,56,79,-1094
34.450,91,199,-869
34.500,-50,29,-934
34.550,59,-104,-947
34.600,103,13,-1013
34.650,276,-119,-1040
34.700,122,0,-1110
34.750,174,-187,-999
34.800,34,-138,-909
34.850,-142,-148,-1072
34.900,101,29,-938
34.950,127,-277,-987
35.000,-111,-130,-980
35.050,-8,11,-1158
35.100,-98,-214,-1131
35.150,35,-75,-875
35.200,36,-75,-1078
35.250,9,-126,-1096
35.300,-173,-49,-899
35.350,-85,53,-993
35.400,-129,187,-854
35.450,-83,-82,-1129
35.500,-68,-20,-963
35.550,-73,51,-909
35.600,-70,-27,-1062
35.650,-42,-40,-943
35.700,-24,55,-1063
35.750,-213,-19,-1130
35.800,-57,46,-1074
35.850,24,99,-996
35.900,14,178,-1129
35.950,41,-46,-1361
36.000,81,155,-3147
36.050,30,212,-1421
36.100,6,99,-838
36.150,128,172,-1061
36.200,239,119,-1080
36.250,258,-43,-1069
36.300,62,-20,-958
36.350,111,54,-848
36.400,-36,140,-1066
36.450,216,168,-816
36.500,85,-93,-974
36.550,94,-157,-941
36.600,21,84,-923
36.650,67,-43,-1019
36.700,44,189,-1075
36.750,75,9,-1031
36.800,8,-187,-905
36.850,102,-52,-1121
36.900,71,-72,-1027
36.950,-94,-103,-1070
37.000,6,-95,-1027
37.050,55,-104,-958
37.100,3,-14,-1077
37.150,-73,-15,-988
37.200,31,-21,-1036
37.250,0,-91,-923
37.300,67,29,-817
37.350,-213,-89,-1021
37.400,-127,-1,-1029
37.450,-10,63,-967
37.500,-181,44,-946
37.550,-70,18,-888
37.600,-139,2,-947
37.650,-47,114,-1023
37.700,-186,-40,-1035
37.750,-7,134,-1145
37.800,-16,74,-1083
37.850,130,110,-934
37.900,175,49,-1032
37.950,103,-6,-1292
38.000,4,178,-3168
38.050,-57,177,-1230
38.100,-53,40,-1043
38.150,-47,174,-1026
38.200,37,-2,-1032
38.250,190,131,-1129
38.300,2,110,-1040
38.350,45,-23,-1106
38.400,103,0,-909
38.450,93,-62,-944
38.500,208,-59,-1136
38.550,60,-124,-869
38.600,-16,-57,-882
38.650,159,-86,-1063
38.700,66,-78,-880
38.750,58,-179,-921
38.800,142,-99,-938
38.850,49,-186,-1006
38.900,-61,-146,-1075
38.950,42,-84,-1106
39.000,-74,-100,-963
39.050,-10,-275,-897
39.100,111,32,-956
39.150,8,-141,-985
39.200,-149,-71,-1114
39.250,-24,-99,-939
39.300,-66,-96,-933
39.350,-183,-67,-1043
39.400,-36,-37,-978
39.450,-57,-203,-1074
39.500,-91,81,-954
39.550,6,-2,-992
39.600,-135,-4,-1066
39.650,-133,30,-1052
39.700,-79,-87,-966
39.750,-57,106,-1037
39.800,-99,159,-1012
39.850,114,-23,-1020
39.900,-121,32,-1064
39.950,-54,161,-1389
40.000,49,-15,-3232
40.050,121,136,-1276
40.100,81,141,-950
40.150,158,6,-1006
40.200,110,141,-955
40.250,175,31,-1108
40.300,183,59,-1044
40.350,92,11,-920
40.400,166,56,-957
40.450,101,98,-1189
40.500,7,-3,-1033
40.550,23,34,-1078
40.600,112,-21,-995
40.650,23,-61,-902
40.700,124,18,-1006
40.750,-65,-108,-1012
40.800,163,10,-966
40.850,-23,-79,-1021
40.900,11,-194,-963
40.950,13,-34,-1117
41.000,-90,192,-1070
41.050,7,-64,-1079
41.100,107,-100,-988
41.150,100,-152,-1039
41.200,-86,-191,-978
41.250,-33,-56,-948
41.300,-12,-32,-1019
41.350,9,-101,-888
41.400,-111,30,-854
41.450,-280,-31,-1032
41.500,37,-33,-782
41.550,-221,44,-1031
41.600,-55,-14,-1036
41.650,-235,54,-1120
41.700,-186,66,-1010
41.750,11,-38,-966
41.800,-33,57,-1064
41.850,-52,160,-1030
41.900,37,73,-863
41.950,-13,85,-1427
42.000,-114,131,-3218
42.050,38,44,-1310
42.100,-19,119,-1018
42.150,195,34,-910
42.200,-26,44,-1067
42.250,171,106,-989
42.300,100,-28,-888
42.350,200,43,-999
42.400,147,17,-1016
42.450,59,-12,-1038
42.500,158,-26,-1034
42.550,49,-136,-875
42.600,136,38,-1042
42.650,206,-34,-884
42.700,80,-62,-1042
42.750,77,-53,-881
42.800,182,-74,-902
42.850,-172,-127,-980
42.900,102,-61,-1004
42.950,-21,-163,-848
43.000,90,5,-999
43.050,-58,-54,-1002
43.100,-41,-97,-1051
43.150,-115,-108,-1111
43.200,-11,-14,-1062
43.250,-217,-39,-981
43.300,-79,-166,-1153
43.350,48,-63,-960
43.400,-101,2,-1102
43.450,-134,-124,-1087
43.500,-157,-145,-1037
43.550,-156,-79,-1011
43.600,-96,-36,-839
43.650,-32,135,-1026
43.700,-9,120,-1081
43.750,-125,304,-1033
43.800,-20,64,-933
43.850,-125,9,-909
43.900,-15,-103,-999
43.950,-30,156,-1272
44.000,27,107,-3177
44.050,-77,34,-1366
44.100,-76,158,-915
44.150,95,41,-1043
44.200,24,170,-958
44.250,210,-7,-1018
44.300,-20,-55,-1012
44.350,62,4,-1123
44.400,111,8,-927
44.450,143,-89,-968
44.500,52,123,-1002
44.550,58,-48,-1120
44.600,197,139,-1138
44.650,69,-54,-1048
44.700,178,41,-1020
44.750,236,-68,-1019
44.800,81,-141,-884
44.850,95,-117,-1015
44.900,-42,-74,-1103
44.950,16,-140,-955
45.000,83,-37,-1010
45.050,-72,-123,-1001
45.100,8,-141,-1077
45.150,-32,20,-850
45.200,5,-160,-887
45.250,-138,-132,-966
45.300,-191,5,-1004
45.350,-57,-111,-932
45.400,-54,-60,-924
45.450,-312,13,-1009
45.500,-164,14,-960
45.550,-158,6,-1003
45.600,-64,129,-1037
45.650,16,-59,-976
45.700,-218,65,-942
45.750,91,75,-1060
45.800,23,84,-992
45.850,28,177,-1139
45.900,-27,94,-1086
45.950,-146,93,-1335
46.000,-58,89,-3228
46.050,17,225,-1300
46.100,181,195,-923
46.150,-13,66,-1074
46.200,92,76,-965
46.250,95,84,-1029
46.300,3,23,-943
46.350,76,41,-931
46.400,134,-87,-1006
46.450,29,11,-969
46.500,141,133,-1040
46.550,75,30,-923
46.600,13,24,-947
46.650,77,-68,-941
46.700,115,-27,-1059
46.750,-67,-78,-1022
46.800,95,-142,-949
46.850,78,-148,-924
46.900,3,-151,-980
46.950,14,-171,-950
47.000,-1,-161,-1140
47.050,18,-91,-990
47.100,79,-294,-898
47.150,64,-168,-919
47.200,-124,-164,-1008
47.250,76,-42,-996
47.300,-10,-109,-880
47.350,37,-11,-1063
47.400,-9,-7,-949
47.450,-8,19,-1072
47.500,19,22,-974
47.550,-50,41,-940
47.600,-79,17,-1044
47.650,-130,22,-921
47.700,-108,50,-1008
47.750,-28,123,-842
47.800,-170,63,-954
47.850,-180,228,-1009
47.900,-94,173,-1177
47.950,1,19,-1299
48.000,30,163,-3167
48.050,183,104,-1325
48.100,129,90,-967
48.150,-270,125,-1006
48.200,24,28,-928
48.250,-93,323,-908
48.300,110,211,-978
48.350,18,128,-1131
48.400,143,127,-957
48.450,-17,32,-1010
48.500,41,-185,-1095
48.550,59,74,-780
48.600,164,-94,-1034
48.650,176,4,-969
48.700,100,37,-821
48.750,71,-58,-960
48.800,22,-256,-961
48.850,-13,16,-985
48.900,151,-164,-910
48.950,-115,-24,-1019
49.000,75,-129,-945
49.050,25,-68,-965
49.100,104,-140,-888
49.150,-74,7,-813
49.200,-123,-253,-987
49.250,-126,-113,-1026
49.300,-124,56,-910
49.350,4,140,-1062
49.400,-295,131,-980
49.450,-103,-160,-1108
49.500,-45,-11,-1172
49.550,-174,100,-898
49.600,-78,258,-918
49.650,56,152,-934
49.700,-188,-69,-1059
49.750,-50,71,-970
49.800,-60,119,-921
49.850,-45,66,-1210
49.900,39,33,-1073
49.950,54,172,-1243
50.000,76,12,-3218
50.050,-28,237,-1229
50.100,11,162,-971
50.150,36,126,-932
50.200,47,-19,-972
50.250,50,-21,-1061
50.300,61,61,-955
50.350,72,81,-1030
50.400,139,63,-954
50.450,214,-7,-1127
50.500,94,65,-998
50.550,124,-153,-1067
50.600,138,31,-1060
50.650,118,-102,-1092
50.700,87,-41,-968
50.750,129,63,-924
50.800,30,-6,-1117
50.850,53,-5,-946
50.900,97,58,-1059
50.950,79,-106,-911
51.000,9,-37,-876
51.050,35,-116,-1029
51.100,-86,-12,-895
51.150,-65,-234,-1051
51.200,-24,-157,-1157
51.250,-106,-234,-974
51.300,-113,-54,-896
51.350,-162,-217,-1002
51.400,-58,-145,-1029
51.450,-127,-13,-1049
51.500,113,-21,-985
51.550,-138,-196,-890
51.600,-348,139,-1106
51.650,-198,37,-824
51.700,-55,43,-1061
51.750,-19,41,-943
51.800,-216,123,-975
51.850,-154,6,-1012
51.900,-70,118,-1116
51.950,-86,268,-1365
52.000,-34,86,-3222
52.050,112,53,-1229
52.100,-38,157,-1018
52.150,31,82,-956
52.200,-37,3,-837
52.250,111,42,-949
52.300,76,-121,-987
52.350,79,73,-1062
52.400,77,122,-1012
52.450,64,45,-1032
52.500,185,-14,-971
52.550,42,-115,-942
52.600,116,20,-941
52.650,-28,-36,-1160
52.700,122,-146,-963
52.750,129,-114,-1002
52.800,157,-213,-949
52.850,55,-13,-1132
52.900,31,-7,-891
52.950,-46,-121,-853
53.000,-114,-104,-986
53.050,-2,-174,-923
53.100,40,50,-1063
53.150,-84,-1,-855
53.200,-60,-203,-1017
53.250,6,-16,-911
53.300,73,-93,-1072
53.350,-185,-55,-918
53.400,43,-13,-999
53.450,-109,82,-1061
53.500,-108,-6,-1002
53.550,46,-56,-804
53.600,-148,-35,-1053
53.650,-37,44,-910
53.700,-147,-75,-1030
53.750,-48,-47,-1009
53.800,-16,16,-1066
53.850,-133,78,-963
53.900,189,188,-1102
53.950,-139,90,-1172
54.000,53,58,-3120
54.050,126,216,-1383
54.100,66,-7,-1065
54.150,-57,68,-1115
54.200,121,80,-1069
54.250,110,193,-972
54.300,34,36,-1008
54.350,33,-92,-1030
54.400,195,-35,-1154
54.450,92,104,-1138
54.500,115,33,-957
54.550,143,33,-1127
54.600,144,79,-1018
54.650,119,-127,-896
54.700,31,73,-1030
54.750,125,-113,-850
54.800,-99,-51,-1166
54.850,-51,62,-927
54.900,-130,-96,-1050
54.950,61,49,-948
55.000,35,-59,-1087
55.050,40,-25,-1049
55.100,-82,21,-983
55.150,-136,-123,-1037
55.200,-64,-87,-1020
55.250,63,-4,-881
55.300,-216,-50,-906
55.350,-31,-100,-1060
55.400,-18,-48,-948
55.450,-86,-25,-990
55.500,-166,136,-956
55.550,13,-27,-1043
55.600,-121,-38,-946
55.650,-32,4,-1026
55.700,-51,-1,-1033
55.750,54,11,-1041
55.800,142,-89,-1095
55.850,98,56,-960
55.900,139,38,-1048
55.950,17,93,-1340
56.000,-11,-6,-3163
56.050,82,86,-1316
56.100,75,52,-1025
56.150,40,207,-1004
56.200,50,68,-1031
56.250,-6,-3,-931
56.300,35,66,-1038
56.350,-17,8,-888
56.400,62,-23,-1034
56.450,72,34,-1033
56.500,92,-39,-971
56.550,124,1,-949
56.600,87,66,-963
56.650,208,-52,-978
56.700,26,-58,-935
56.750,41,49,-998
56.800,185,-165,-1022
56.850,6,-8,-949
56.900,25,-132,-1002
56.950,74,-32,-1005
57.000,-36,-92,-990
57.050,5,-135,-861
57.100,-81,26,-889
57.150,30,61,-956
57.200,-84,-123,-1054
57.250,-4,-189,-1114
57.300,42,22,-967
57.350,-15,17,-1015
57.400,-213,72,-964
57.450,-209,-4,-1037
57.500,-109,-26,-956
57.550,-115,-77,-946
57.600,-56,-83,-967
57.650,-18,33,-985
57.700,-142,-81,-958
57.750,-78,105,-1019
57.800,-80,94,-1005
57.850,24,55,-1116
57.900,-19,-9,-1203
57.950,-103,64,-1361
58.000,-123,82,-3103
58.050,82,99,-1224
58.100,-4,25,-946
58.150,-41,116,-1002
58.200,30,44,-909
58.250,-56,92,-1023
58.300,22,62,-975
58.350,84,65,-887
58.400,47,64,-1139
58.450,135,-134,-949
58.500,62,13,-1116
58.550,101,50,-950
58.600,94,-31,-908
58.650,148,-95,-1046
58.700,27,-62,-1093
58.750,-102,-88,-980
58.800,74,6,-1103
58.850,4,-204,-980
58.900,23,-134,-997
58.950,-41,-181,-874
59.000,65,-115,-1123
59.050,-33,-53,-986
59.100,50,3,-1007
59.150,-83,-129,-1033
59.200,14,-115,-1134
59.250,-34,-79,-1037
59.300,-238,35,-944
59.350,-180,-33,-1087
59.400,-204,-199,-938
59.450,-28,-40,-1005
59.500,40,-60,-1095
59.550,-89,60,-1024
59.600,-209,-30,-945
59.650,-32,-88,-1098
59.700,-160,57,-823
59.750,-94,76,-1064
59.800,148,33,-1041
59.850,-33,-17,-935
59.900,-32,28,-1048
59.950,-167,54,-1480
60.000,-36,60,-3247
60.050,-31,31,-1199
60.100,146,82,-909
60.150,21,65,-1066
60.200,115,130,-1103
60.250,84,29,-1072
60.300,79,-95,-1035
60.350,240,80,-1091
60.400,139,38,-1026
60.450,52,16,-1047
60.500,86,59,-935
60.550,-5,-53,-871
60.600,239,-1,-871
60.650,186,-56,-1160
60.700,76,-161,-989
60.750,210,-51,-1063
60.800,-35,-238,-1152
60.850,176,-21,-1010
60.900,19,-99,-1001
60.950,127,-68,-1159
61.000,85,-254,-1032
61.050,-127,-96,-1101
61.100,-141,-179,-935
61.150,-60,-36,-891
61.200,-40,-35,-1078
61.250,-77,-163,-956
61.300,-8,18,-1002
61.350,-17,-57,-1045
61.400,-55,27,-824
61.450,-40,-104,-1078
61.500,-204,6,-1088
61.550,10,-8,-949
61.600,-83,58,-1083
61.650,-92,11,-1008
61.700,-71,113,-1037
61.750,-5,97,-869
61.800,-324,29,-899
61.850,-247,208,-993
61.900,-194,153,-1085
61.950,-89,216,-1329
62.000,-77,261,-3126
62.050,-11,36,-1314
62.100,157,17,-1103
62.150,147,67,-992
62.200,101,50,-1194
62.250,54,170,-826
62.300,71,56,-891
62.350,137,69,-1158
62.400,62,48,-1121
62.450,69,152,-1021
62.500,-15,-151,-1001
62.550,53,-85,-982
62.600,118,-17,-972
62.650,-9,-97,-1026
62.700,77,20,-1058
62.750,9,48,-987
62.800,-53,-106,-1099
62.850,-46,-196,-1064
62.900,196,-14,-889
62.950,103,-110,-968
63.000,8,-185,-1093
63.050,56,-196,-984
63.100,21,-35,-970
63.150,-141,-46,-1011
63.200,-137,-240,-964
63.250,-195,-207,-860
63.300,-177,-92,-994
63.350,-83,-127,-1057
63.400,-31,-53,-1002
63.450,-272,-62,-931
63.500,-158,-76,-970
63.550,-51,42,-1045
63.600,-35,161,-906
63.650,-214,280,-1106
63.700,-179,83,-1008
63.750,-42,176,-926
63.800,-130,87,-919
63.850,39,179,-935
63.900,26,54,-1106
63.950,18,62,-1198
64.000,-70,70,-3234
64.050,93,159,-1296
64.100,54,224,-1142
64.150,105,175,-903
64.200,123,19,-1043
64.250,124,24,-1016
64.300,-40,-37,-972
64.350,55,-15,-1015
64.400,119,10,-986
64.450,106,-4,-1001
64.500,29,-40,-1147
64.550,5,-111,-1032
64.600,186,-32,-988
64.650,14,-22,-864
64.700,74,-125,-1093
64.750,92,-146,-943
64.800,-22,-213,-962
64.850,-58,-41,-917
64.900,-17,-78,-889
64.950,-22,29,-1026
65.000,-75,-92,-982
65.050,75,-28,-970
65.100,22,-81,-937
65.150,-87,-176,-983
65.200,156,-16,-1056
65.250,41,-220,-1020
65.300,-49,-113,-1048
65.350,-103,-89,-1063
65.400,-182,-156,-1077
65.450,-107,65,-1053
65.500,-197,128,-1091
65.550,-91,-59,-1058
65.600,-64,68,-898
65.650,-36,58,-950
65.700,-163,156,-957
65.750,-32,119,-1118
65.800,-149,91,-988
65.850,1,98,-1015
65.900,70,123,-941
65.950,80,200,-1272
66.000,58,121,-3114
66.050,198,15,-1358
66.100,158,110,-1035
66.150,-10,164,-955
66.200,219,74,-928
66.250,203,-44,-1084
66.300,103,13,-1034
66.350,36,34,-1072
66.400,-7,62,-990
66.450,177,57,-966
66.500,160,-73,-1040
66.550,121,59,-948
66.600,78,-46,-980
66.650,-3,22,-938
66.700,155,21,-920
66.750,-80,-53,-1114
66.800,-17,-92,-905
66.850,72,-71,-857
66.900,50,-171,-1112
66.950,-54,-90,-1123
67.000,35,-75,-1058
67.050,-7,-57,-1051
67.100,28,-152,-953
67.150,71,-63,-1102
67.200,-52,-74,-1069
67.250,-171,-101,-931
67.300,-15,37,-1004
67.350,68,-113,-965
67.400,-114,88,-997
67.450,-181,4,-1090
67.500,-170,74,-1002
67.550,-30,-54,-896
67.600,-109,-126,-1072
67.650,-201,-72,-959
67.700,-52,106,-1059
67.750,-28,-47,-1039
67.800,-71,35,-992
67.850,-47,127,-976
67.900,46,57,-949
67.950,7,118,-1287
68.000,-173,253,-3273
68.050,-48,73,-1403
68.100,171,46,-1055
68.150,-21,124,-888
68.200,81,19,-894
68.250,93,13,-1006
68.300,91,78,-1000
68.350,91,194,-773
68.400,109,-42,-1084
68.450,164,-114,-1015
68.500,132,15,-1032
68.550,246,48,-1038
68.600,158,-46,-1041
68.650,56,49,-1045
68.700,75,23,-976
68.750,90,-124,-814
68.800,124,-270,-896
68.850,-57,-199,-1056
68.900,132,-117,-983
68.950,-118,-13,-1021
69.000,-103,-74,-961
69.050,-9,5,-953
69.100,89,-99,-991
69.150,24,4,-1027
69.200,92,-72,-1000
69.250,-35,-139,-1132
69.300,84,26,-1074
69.350,-78,4,-1039
69.400,20,-70,-921
69.450,-149,25,-876
69.500,-62,-39,-982
69.550,-41,-19,-1032
69.600,46,143,-1053
69.650,-195,-57,-1089
69.700,-104,53,-1111
69.750,-58,-162,-989
69.800,70,-16,-1230
69.850,-32,145,-1033
69.900,-13,198,-866
69.950,32,0,-1284
70.000,-80,99,-3219
70.050,-30,221,-1316
70.100,-88,125,-946
70.150,49,27,-1035
70.200,12,41,-1056
70.250,53,-38,-980
70.300,18,129,-969
70.350,210,-64,-887
70.400,86,80,-929
70.450,176,21,-964
70.500,93,58,-1071
70.550,131,108,-839
70.600,181,86,-958
70.650,173,110,-1004
70.700,-46,-72,-985
70.750,5,-167,-1039
70.800,-40,-8,-864
70.850,99,-201,-983
70.900,-38,-73,-1066
70.950,94,-43,-1026
71.000,40,-95,-862
71.050,-168,-66,-901
71.100,-60,-135,-986
71.150,-119,-132,-1082
71.200,-73,-248,-1048
71.250,-26,-101,-1033
71.300,-9,67,-1059
71.350,7,-185,-1068
71.400,-52,-10,-990
71.450,-30,-32,-939
71.500,-139,-50,-1150
71.550,-45,-54,-919
71.600,-14,13,-993
71.650,-73,29,-1117
71.700,35,13,-958
71.750,-47,94,-982
71.800,14,11,-921
71.850,-32,92,-1033
71.900,-35,141,-1094
71.950,-153,77,-1242
72.000,-24,210,-3096
72.050,128,215,-1277
72.100,76,41,-1216
72.150,78,27,-1016
72.200,-140,153,-1016
72.250,23,-22,-1065
72.300,13,-19,-1113
72.350,72,18,-931
72.400,-45,-5,-1071
72.450,126,11,-932
72.500,247,0,-958
72.550,39,-26,-998
72.600,266,-122,-1011
72.650,91,-106,-972
72.700,82,-49,-1058
72.750,129,-145,-1030
72.800,127,31,-1060
72.850,95,-96,-916
72.900,40,41,-877
72.950,-62,-125,-1060
73.000,-6,-245,-1134
73.050,66,-72,-940
73.100,-103,-179,-1015
73.150,65,-83,-985
73.200,35,-51,-985
73.250,-37,-86,-874
73.300,-89,-116,-945
73.350,-13,-83,-942
73.400,-9,-299,-1138
73.450,-67,-90,-865
73.500,-74,-8,-995
73.550,-129,-36,-990
73.600,-15,-93,-981
73.650,-125,52,-1060
73.700,-69,-27,-1002
73.750,-92,-63,-967
73.800,-284,51,-1119
73.850,-25,62,-935
73.900,-47,78,-911
73.950,-53,96,-1184
74.000,53,259,-3163
74.050,-27,185,-1224
74.100,9,138,-1007
74.150,85,92,-1010
74.200,194,117,-1106
74.250,87,47,-975
74.300,100,88,-1136
74.350,-36,157,-1002
74.400,202,73,-1043
74.450,-36,57,-959
74.500,240,-16,-994
74.550,-46,-64,-980
74.600,67,-101,-887
74.650,217,-131,-992
74.700,47,60,-981
74.750,118,-146,-894
74.800,35,68,-913
74.850,-7,-47,-981
74.900,13,-35,-1002
74.950,18,-149,-1060
75.000,6,-86,-914
75.050,-124,-90,-872
75.100,-85,-179,-1074
75.150,18,-190,-998
75.200,-112,-127,-1025
75.250,-101,-100,-1004
75.300,-59,-95,-962
75.350,-127,-82,-997
75.400,-232,-97,-1053
75.450,-181,-34,-1059
75.500,-173,81,-833
75.550,-19,39,-910
75.600,-70,10,-991
75.650,-116,-131,-1067
75.700,-147,97,-1038
75.750,-215,68,-977
75.800,3,110,-809
75.850,-115,194,-926
75.900,-82,85,-1060
75.950,-26,63,-1333
76.000,0,17,-3110
76.050,86,43,-1229
76.100,-53,-48,-976
76.150,89,30,-958
76.200,216,322,-1070
76.250,97,-28,-773
76.300,46,128,-992
76.350,5,29,-1108
76.400,44,9,-982
76.450,-83,10,-796
76.500,24,26,-1034
76.550,-127,-95,-1055
76.600,163,-34,-1018
76.650,143,-35,-1013
76.700,134,-169,-1016
76.750,171,-242,-1063
76.800,71,-63,-1027
76.850,80,-160,-922
76.900,46,50,-932
76.950,60,15,-1064
77.000,-23,-240,-930
77.050,117,-138,-1097
77.100,59,-154,-1040
77.150,78,-118,-1015
77.200,70,-34,-1085
77.250,50,-210,-919
77.300,-42,-101,-1062
77.350,-178,93,-990
77.400,-146,15,-904
77.450,-73,40,-924
77.500,-95,25,-1009
77.550,-178,-86,-964
77.600,-152,29,-1020
77.650,-11,68,-975
77.700,-104,48,-1027
77.750,-51,-67,-1002
77.800,-29,112,-1086
77.850,-79,59,-1043
77.900,-128,8,-1000
77.950,15,111,-1367
78.000,31,84,-3240
78.050,-58,58,-1240
78.100,16,85,-1081
78.150,269,-92,-1162
78.200,17,97,-858
78.250,112,95,-926
78.300,89,-98,-980
78.350,106,219,-1058
78.400,196,-78,-877
78.450,109,83,-944
78.500,154,8,-1052
78.550,86,-77,-1009
78.600,-34,-17,-922
78.650,185,60,-988
78.700,69,-79,-969
78.750,128,-44,-1108
78.800,169,-43,-921
78.850,50,-110,-845
78.900,-55,-230,-840
78.950,35,-133,-1047
79.000,-160,49,-944
79.050,25,-33,-1073
79.100,6,-8,-1176
79.150,2,-29,-992
79.200,-130,-94,-1037
79.250,-42,-113,-939
79.300,-122,-100,-907
79.350,-102,-3,-1104
79.400,27,-147,-992
79.450,-117,-77,-1022
79.500,-1,139,-1019
79.550,-127,-135,-863
79.600,-180,-42,-992
79.650,-30,167,-826
79.700,-21,20,-1053
79.750,-85,135,-924
79.800,-9,-71,-1045
79.850,71,46,-1006
79.900,187,89,-887
79.950,131,159,-1333
80.000,-182,31,-3149
80.050,63,193,-1386
80.100,47,-69,-1071
80.150,88,-85,-935
80.200,205,-34,-1021
80.250,208,111,-968
80.300,90,-51,-1011
80.350,192,52,-942
80.400,66,-39,-1034
80.450,15,-93,-1002
80.500,82,-75,-944
80.550,24,18,-960
80.600,228,-4,-937
80.650,95,-158,-932
80.700,215,-69,-832
80.750,145,89,-1014
80.800,-12,-76,-1058
80.850,61,-108,-987
80.900,24,-173,-1042
80.950,117,-104,-1107
81.000,-161,-126,-978
81.050,-110,-242,-955
81.100,225,-25,-1080
81.150,-55,-99,-1102
81.200,-171,-92,-937
81.250,-50,-125,-959
81.300,-39,-137,-1097
81.350,-37,45,-968
81.400,-1,86,-1122
81.450,-60,90,-909
81.500,14,-47,-945
81.550,-37,-32,-985
81.600,-202,-37,-974
81.650,-5,45,-877
81.700,38,-20,-1008
81.750,-111,137,-943
81.800,-122,155,-1106
81.850,49,-106,-1014
81.900,-88,149,-981
81.950,-191,-9,-1345
82.000,95,231,-3145
82.050,129,39,-1264
82.100,41,9,-1029
82.150,17,126,-960
82.200,15,38,-1152
82.250,111,62,-1002
82.300,125,19,-1077
82.350,41,18,-983
82.400,47,-4,-1106
82.450,66,-124,-1053
82.500,143,14,-1012
82.550,81,56,-1094
82.600,130,-88,-978
82.650,77,-89,-975
82.700,29,-156,-1039
82.750,-30,-59,-1049
82.800,-42,-52,-968
82.850,31,-112,-927
82.900,9,-74,-1091
82.950,60,-110,-959
83.000,-22,-160,-1096
83.050,-32,-136,-1104
83.100,69,-13,-1163
83.150,-217,-211,-987
83.200,156,-175,-1025
83.250,36,-110,-911
83.300,-6,-61,-929
83.350,-14,-158,-1014
83.400,-145,-29,-1097
83.450,-178,-11,-1001
83.500,11,17,-885
83.550,6,107,-1283
83.600,-157,68,-1106
83.650,-131,99,-996
83.700,-109,197,-1034
83.750,18,67,-992
83.800,-87,14,-1018
83.850,-155,138,-991
83.900,-66,159,-1084
83.950,-173,132,-1408
84.000,-112,113,-3123
84.050,-47,27,-1177
84.100,-82,163,-966
84.150,-13,78,-1069
84.200,5,69,-1057
84.250,-61,128,-1048
84.300,145,46,-775
84.350,134,-62,-1110
84.400,23,-3,-1132
84.450,9,17,-1125
84.500,92,19,-1080
84.550,147,-9,-913
84.600,148,-48,-1013
84.650,126,-15,-1135
84.700,155,-104,-909
84.750,85,-123,-1000
84.800,174,-141,-1137
84.850,25,12,-873
84.900,114,-265,-1019
84.950,-23,-113,-1088
85.000,-22,-195,-814
85.050,-11,-140,-1099
85.100,46,-48,-907
85.150,-18,-127,-1058
85.200,-120,-113,-945
85.250,-115,-48,-940
85.300,-117,20,-966
85.350,-58,-47,-986
85.400,-164,-98,-980
85.450,-27,-34,-960
85.500,-118,-63,-999
85.550,-68,-39,-1048
85.600,-135,46,-1118
85.650,-67,66,-984
85.700,-126,81,-1088
85.750,-132,135,-1106
85.800,-110,35,-948
85.850,-161,42,-1087
85.900,102,73,-1042
85.950,-7,168,-1464
86.000,-86,117,-3250
86.050,-100,42,-1285
86.100,57,252,-1132
86.150,-73,-8,-922
86.200,-13,-41,-935
86.250,12,160,-983
86.300,28,130,-935
86.350,209,12,-1025
86.400,213,120,-979
86.450,31,-68,-1114
86.500,21,-17,-1095
86.550,156,-222,-1064
86.600,41,18,-958
86.650,-9,-27,-1084
86.700,104,-156,-990
86.750,188,93,-913
86.800,-24,-122,-1075
86.850,-3,-229,-1050
86.900,120,84,-965
86.950,32,-45,-1126
87.000,-68,-36,-1019
87.050,-45,-30,-1153
87.100,62,-160,-955
87.150,-45,-31,-921
87.200,-140,-14,-959
87.250,43,-113,-905
87.300,-23,-94,-920
87.350,-119,28,-1008
87.400,-86,-25,-919
87.450,-106,31,-952
87.500,-169,74,-882
87.550,-58,48,-1068
87.600,8,-92,-988
87.650,35,-10,-957
87.700,-139,111,-1113
87.750,-104,20,-992
87.800,-195,202,-975
87.850,-85,208,-1002
87.900,-10,118,-873
87.950,-3,13,-1291
88.000,34,98,-3252
88.050,-49,-37,-1259
88.100,-36,44,-960
88.150,132,6,-1028
88.200,27,121,-1083
88.250,7,104,-1048
88.300,-1,58,-1073
88.350,67,148,-1014
88.400,84,-7,-1122
88.450,113,97,-899
88.500,328,-24,-984
88.550,11,133,-921
88.600,172,17,-1011
88.650,-114,55,-947
88.700,102,-125,-931
88.750,95,-55,-1089
88.800,-31,-88,-1008
88.850,-38,50,-1035
88.900,26,-74,-882
88.950,-46,-114,-1102
89.000,84,-66,-987
89.050,7,47,-1009
89.100,-78,-141,-918
89.150,2,-51,-1052
89.200,-15,-33,-992
89.250,-81,-33,-968
89.300,-119,-84,-1137
89.350,-41,-54,-876
89.400,-238,-17,-953
89.450,-155,23,-977
89.500,-58,-19,-1254
89.550,-92,23,-1058
89.600,-201,73,-968
89.650,37,-19,-905
89.700,-80,19,-960
89.750,-1,29,-874
89.800,-57,-18,-1091
89.850,40,45,-993
89.900,-22,86,-922
89.950,-54,10,-1482
90.000,-9,79,-3101
90.050,-41,181,-1321
90.100,169,17,-1033
90.150,100,184,-932
90.200,-48,168,-1001
90.250,-60,26,-1028
90.300,17,163,-957
90.350,180,-25,-1134
90.400,131,34,-931
90.450,152,28,-936
90.500,106,16,-842
90.550,202,-100,-1127
90.600,204,-66,-1011
90.650,50,-19,-1033
90.700,-14,-202,-1191
90.750,-14,27,-1075
90.800,57,9,-895
90.850,1,-32,-1030
90.900,-124,-19,-991
90.950,-55,-82,-973
91.000,13,-177,-1014
91.050,9,-38,-1017
91.100,-118,-61,-901
91.150,-93,-49,-916
91.200,26,27,-977
91.250,42,37,-1066
91.300,-56,-40,-1055
91.350,-115,-206,-943
91.400,-27,61,-892
91.450,-147,-28,-877
91.500,-14,-59,-1189
91.550,-117,-70,-995
91.600,-17,-85,-978
91.650,-186,244,-996
91.700,-43,-25,-1171
91.750,-147,-6,-906
91.800,-151,147,-966
91.850,-54,-110,-1044
91.900,47,138,-989
91.950,-131,109,-1277
92.000,-39,135,-3257
92.050,-145,47,-1353
92.100,128,153,-1005
92.150,2,134,-880
92.200,-19,30,-908
92.250,109,36,-908
92.300,125,-17,-978
92.350,89,178,-951
92.400,134,42,-958
92.450,-12,-101,-969
92.500,132,-32,-1160
92.550,12,27,-990
92.600,44,-105,-979
92.650,77,-58,-1040
92.700,93,-36,-1050
92.750,204,-118,-987
92.800,-65,-161,-926
92.850,104,-72,-1054
92.900,59,-175,-914
92.950,-195,-130,-1064
93.000,104,-116,-901
93.050,100,-62,-1131
93.100,-91,-135,-968
93.150,-15,-195,-937
93.200,-140,-109,-979
93.250,-81,55,-909
93.300,-186,-149,-908
93.350,-80,5,-998
93.400,3,31,-937
93.450,-153,33,-1129
93.500,-119,-51,-1062
93.550,-174,-145,-901
93.600,-112,17,-960
93.650,-4,152,-1035
93.700,-66,-14,-941
93.750,-69,143,-934
93.800,4,124,-993
93.850,-145,115,-865
93.900,-66,41,-951
93.950,118,15,-1491
94.000,-49,108,-3211
94.050,-5,59,-1349
94.100,-35,124,-955
94.150,-81,216,-965
94.200,103,58,-980
94.250,-19,197,-887
94.300,62,-47,-1024
94.350,136,14,-1064
94.400,108,-39,-893
94.450,174,69,-1057
94.500,117,89,-1167
94.550,115,97,-855
94.600,19,-9,-916
94.650,186,-193,-1161
94.700,93,-19,-1010
94.750,44,32,-882
94.800,11,-68,-1093
94.850,184,-201,-1086
94.900,-40,-179,-898
94.950,201,-78,-1027
95.000,58,-173,-893
95.050,-19,-65,-1055
95.100,-47,-225,-999
95.150,26,-237,-1081
95.200,-97,-106,-1007
95.250,-74,-48,-1003
95.300,-215,-34,-904
95.350,-68,-187,-981
95.400,-57,-110,-994
95.450,3,114,-990
95.500,-59,-13,-1033
95.550,12,93,-951
95.600,-137,148,-917
95.650,-192,132,-987
95.700,-59,-103,-1117
95.750,8,9,-935
95.800,-165,-37,-847
95.850,27,79,-982
95.900,-88,124,-906
95.950,-49,138,-1433
96.000,144,180,-3202
96.050,-11,212,-1338
96.100,60,70,-1075
96.150,129,56,-963
96.200,31,70,-1014
96.250,18,129,-1007
96.300,150,119,-902
96.350,50,98,-1014
96.400,93,-26,-1038
96.450,149,-12,-1058
96.500,168,29,-1097
96.550,107,75,-912
96.600,52,-120,-1029
96.650,197,14,-1183
96.700,150,-236,-845
96.750,138,-102,-991
96.800,112,-120,-963
96.850,35,-109,-878
96.900,-132,-91,-1111
96.950,1,-155,-796
97.000,-41,-111,-1049
97.050,56,-140,-1052
97.100,119,-33,-978
97.150,148,-140,-1065
97.200,-122,15,-1050
97.250,25,-121,-1145
97.300,-145,-36,-905
97.350,15,-16,-945
97.400,-307,-10,-997
97.450,-123,-69,-930
97.500,-9,157,-1016
97.550,-162,166,-1026
97.600,-137,-80,-966
97.650,-41,113,-982
97.700,-37,103,-959
97.750,24,139,-985
97.800,-102,145,-1046
97.850,-57,32,-829
97.900,-109,148,-947
97.950,54,96,-1291
98.000,-16,-117,-3261
98.050,125,33,-1287
98.100,242,18,-1041
98.150,25,-71,-1069
98.200,-56,124,-1020
98.250,-100,136,-922
98.300,52,135,-953
98.350,16,68,-985
98.400,28,-51,-967
98.450,283,13,-983
98.500,16,-21,-1016
98.550,69,-68,-1004
98.600,50,68,-836
98.650,28,-74,-965
98.700,128,-120,-1046
98.750,118,-202,-823
98.800,83,-105,-1012
98.850,-40,55,-1007
98.900,-4,45,-917
98.950,0,-64,-1027
99.000,-29,-118,-976
99.050,72,59,-1174
99.100,155,-13,-999
99.150,-80,-239,-904
99.200,-146,-29,-1033
99.250,-201,-37,-961
99.300,-156,10,-856
99.350,-50,-11,-1059
99.400,-178,-63,-994
99.450,-98,-32,-801
99.500,-54,-78,-1096
99.550,-238,-65,-954
99.600,-118,-25,-953
99.650,-45,75,-1001
99.700,-84,-47,-1148
99.750,-135,8,-1066
99.800,-73,43,-1104
99.850,-54,116,-1039
99.900,35,120,-970
99.950,-46,132,-1243
100.000,-154,185,-3241
100.050,68,-86,-1332
100.100,-105,83,-986
100.150,78,91,-1100
100.200,163,-27,-1027
100.250,9,23,-1112
100.300,168,118,-994
100.350,78,-31,-1009
100.400,22,38,-969
100.450,79,48,-953
100.500,164,158,-1114
100.550,0,-113,-1016
100.600,-32,-73,-933
100.650,147,86,-932
100.700,162,-101,-1029
100.750,141,-2,-1153
100.800,-52,-159,-1069
100.850,151,55,-974
100.900,58,60,-964
100.950,60,-69,-970
101.000,108,-42,-993
101.050,-47,-78,-1133
101.100,6,-85,-974
101.150,-138,-52,-985
101.200,-59,-51,-1066
101.250,-187,-34,-1176
101.300,-33,107,-970
101.350,-21,85,-916
101.400,87,-101,-1027
101.450,-60,-145,-1001
101.500,-95,104,-915
101.550,-37,71,-995
101.600,-72,92,-919
101.650,-147,81,-1006
101.700,-60,151,-1020
101.750,-144,-2,-1046
101.800,-10,68,-1048
101.850,16,102,-944
101.900,145,246,-973
101.950,11,188,-1196
102.000,-29,2,-3131
102.050,34,148,-1254
102.100,-25,54,-915
102.150,32,27,-1022
102.200,91,40,-861
102.250,136,-49,-982
102.300,206,322,-1038
102.350,91,-63,-955
102.400,133,54,-1087
102.450,161,162,-891
102.500,129,-4,-928
102.550,87,-218,-1137
102.600,205,76,-1010
102.650,25,-69,-1103
102.700,61,81,-1050
102.750,7,-178,-984
102.800,-17,-29,-1025
102.850,180,-42,-962
102.900,-82,-93,-976
102.950,43,-70,-990
103.000,-93,-293,-1089
103.050,65,-35,-909
103.100,-5,-77,-999
103.150,-182,-75,-1052
103.200,-108,-160,-1005
103.250,3,-7,-1078
103.300,-62,-65,-1161
103.350,-14,-97,-954
103.400,-158,31,-900
103.450,-78,28,-1052
103.500,-125,-90,-916
103.550,-4,-23,-997
103.600,-148,-74,-1041
103.650,-185,-110,-976
103.700,-161,55,-1213
103.750,-64,15,-1050
103.800,11,71,-976
103.850,-41,128,-1063
103.900,-32,76,-944
103.950,-62,159,-1255
104.000,-46,158,-3232
104.050,-36,35,-1384
104.100,56,79,-1025
104.150,114,160,-991
104.200,-96,120,-1157
104.250,-1,58,-877
104.300,-118,-64,-1057
104.350,144,-85,-1064
104.400,192,101,-1049
104.450,180,22,-1073
104.500,43,-50,-1086
104.550,135,65,-1115
104.600,148,-114,-1006
104.650,113,36,-1002
104.700,101,72,-871
104.750,155,-11,-959
104.800,190,-22,-1054
104.850,54,-56,-1111
104.900,-15,42,-1091
104.950,56,-74,-923
105.000,-62,-162,-996
105.050,-66,25,-985
105.100,37,-175,-953
105.150,154,-93,-1090
105.200,32,-119,-1103
105.250,-161,-165,-958
105.300,-149,-128,-1030
105.350,-55,26,-901
105.400,-122,50,-1063
105.450,38,34,-979
105.500,-227,78,-1037
105.550,-148,-50,-1048
105.600,-56,65,-996
105.650,61,-54,-977
105.700,-187,104,-954
105.750,-60,111,-953
105.800,-20,-30,-930
105.850,95,179,-1021
105.900,126,115,-907
105.950,39,214,-1425
106.000,-63,142,-3219
106.050,-13,219,-1343
106.100,56,125,-1019
106.150,-140,-60,-1021
106.200,235,23,-1002
106.250,237,74,-959
106.300,106,-8,-1069
106.350,49,45,-1059
106.400,56,52,-904
106.450,288,-41,-977
106.500,21,-50,-1138
106.550,237,-50,-923
106.600,11,-218,-863
106.650,-40,-128,-904
106.700,88,-74,-893
106.750,48,-7,-1099
106.800,173,-125,-986
106.850,-12,-154,-1022
106.900,104,-115,-984
106.950,-22,7,-1117
107.000,-134,13,-1173
107.050,122,-100,-965
107.100,-5,-148,-959
107.150,118,9,-1057
107.200,40,-175,-1017
107.250,-59,29,-1111
107.300,3,-92,-1131
107.350,-9,-79,-1160
107.400,-31,-166,-1030
107.450,-189,-81,-913
107.500,-49,-121,-1018
107.550,-93,124,-963
107.600,-192,-72,-947
107.650,-28,-3,-1050
107.700,-40,82,-1210
107.750,-92,137,-1119
107.800,11,-19,-981
107.850,-113,-40,-982
107.900,-39,217,-934
107.950,-143,125,-1219
108.000,68,249,-3044
108.050,-41,130,-1106
108.100,133,41,-1123
108.150,-79,142,-1009
108.200,44,35,-1069
108.250,120,69,-966
108.300,-50,202,-906
108.350,175,-120,-929
108.400,-20,65,-907
108.450,185,74,-852
108.500,113,-65,-1042
108.550,100,51,-1085
108.600,160,-33,-1037
108.650,14,-83,-976
108.700,65,2,-1129
108.750,-47,-154,-911
108.800,48,-78,-953
108.850,98,-132,-1114
108.900,2,-217,-1005
108.950,-46,-76,-984
109.000,-29,-49,-773
109.050,-163,95,-1078
109.100,-139,-172,-941
109.150,-28,-139,-1046
109.200,-120,-34,-900
109.250,-91,-125,-1030
109.300,-266,-63,-969
109.350,-119,-86,-910
109.400,-70,0,-960
109.450,-87,89,-1110
109.500,-102,-183,-1034
109.550,61,-87,-1088
109.600,-101,100,-946
109.650,-133,181,-1005
109.700,10,186,-1079
109.750,-190,114,-985
109.800,-56,102,-1008
109.850,80,-152,-898
109.900,-10,85,-1079
109.950,83,6,-1289
110.000,91,-32,-3175
110.050,41,133,-1335
110.100,78,178,-1025
110.150,212,-2,-1054
110.200,155,64,-1075
110.250,35,192,-936
110.300,7,-91,-881
110.350,109,12,-1073
110.400,-71,-75,-976
110.450,59,147,-926
110.500,53,-74,-897
110.550,69,196,-992
110.600,-14,-194,-1059
110.650,205,-65,-1200
110.700,31,-82,-890
110.750,105,-83,-976
110.800,237,4,-1059
110.850,100,1,-814
110.900,54,-121,-971
110.950,-23,-87,-1064
111.000,2,-217,-932
111.050,48,-231,-940
111.100,-76,18,-920
111.150,42,-42,-1083
111.200,-225,-70,-1102
111.250,-56,-190,-938
111.300,-40,-161,-1077
111.350,-55,25,-982
111.400,-151,-18,-1018
111.450,-142,-128,-997
111.500,-166,-10,-1161
111.550,-32,-29,-994
111.600,25,155,-947
111.650,-171,38,-976
111.700,-59,70,-934
111.750,-18,168,-934
111.800,-114,55,-1001
111.850,-12,50,-1001
111.900,-57,52,-968
111.950,57,241,-1216
112.000,-31,202,-3314
112.050,49,54,-1342
112.100,189,61,-981
112.150,93,87,-1109
112.200,85,54,-1008
112.250,69,107,-967
112.300,-41,76,-859
112.350,-64,-29,-1055
112.400,-64,-116,-1077
112.450,191,-14,-1075
112.500,87,39,-961
112.550,102,196,-979
112.600,130,-73,-1069
112.650,-4,-149,-956
112.700,94,-109,-1028
112.750,155,-87,-997
112.800,82,-41,-1060
112.850,-152,-245,-972
112.900,-15,-122,-1137
112.950,-48,-89,-997
113.000,-86,-192,-846
113.050,-36,-108,-1107
113.100,-93,-117,-1092
113.150,-38,-182,-1060
113.200,-123,-214,-1126
113.250,-61,-153,-1015
113.300,-93,-32,-935
113.350,-141,-138,-984
113.400,-27,-59,-1005
113.450,-114,-28,-949
113.500,-132,48,-967
113.550,73,-42,-908
113.600,-31,-67,-955
113.650,-40,-3,-1197
113.700,-21,-45,-1014
113.750,-213,118,-1147
113.800,-106,36,-1001
113.850,-164,126,-961
113.900,-60,72,-1221
113.950,113,81,-1246
114.000,15,104,-3145
114.050,-36,180,-1172
114.100,47,83,-923
114.150,78,59,-1027
114.200,69,142,-1040
114.250,134,228,-953
114.300,76,104,-1035
114.350,0,-15,-1110
114.400,172,-7,-1148
114.450,140,45,-976
114.500,-7,-89,-859
114.550,50,21,-990
114.600,-16,-149,-960
114.650,64,-68,-917
114.700,-49,-64,-906
114.750,138,-93,-962
114.800,109,-151,-1118
114.850,115,-85,-854
114.900,-21,-15,-934
114.950,55,-96,-1076
115.000,-23,-139,-998
115.050,-99,-79,-857
115.100,-101,-53,-1151
115.150,-5,-68,-1073
115.200,-15,-73,-855
115.250,-62,-39,-1012
115.300,-171,149,-985
115.350,-65,-39,-1117
115.400,-204,-165,-894
115.450,-59,-42,-1114
115.500,-166,-8,-1099
115.550,-29,-49,-1023
115.600,-103,-144,-935
115.650,-86,-132,-1031
115.700,-108,-24,-972
115.750,26,98,-1113
115.800,-113,-77,-984
115.850,-125,111,-936
115.900,39,112,-1021
115.950,-145,273,-1121
116.000,-7,135,-3292
116.050,-15,101,-1345
116.100,171,120,-1050
116.150,13,109,-1127
116.200,97,78,-928
116.250,99,18,-1054
116.300,192,93,-952
116.350,137,38,-1088
116.400,239,15,-897
116.450,92,104,-1069
116.500,-5,-22,-1039
116.550,152,12,-1124
116.600,36,-143,-1060
116.650,82,-95,-907
116.700,114,-127,-897
116.750,144,-55,-1029
116.800,214,-17,-1086
116.850,58,-156,-928
116.900,-51,-146,-1049
116.950,54,-183,-999
117.000,-172,-32,-1215
117.050,-2,-79,-1040
117.100,57,-5,-914
117.150,45,-63,-1030
117.200,-38,7,-1004
117.250,-263,-205,-856
117.300,-147,-108,-924
117.350,-17,-1,-988
117.400,-265,147,-1030
117.450,-12,-4,-1043
117.500,-121,-13,-868
117.550,-202,47,-856
117.600,-136,34,-1094
117.650,43,-45,-948
117.700,-238,-10,-982
117.750,-160,50,-1107
117.800,-52,-14,-1085
117.850,-24,-63,-950
117.900,-96,223,-1043
117.950,-86,107,-1218
118.000,-195,49,-3099
118.050,-68,1,-1425
118.100,3,-5,-965
118.150,-75,51,-1015
118.200,10,62,-1077
118.250,0,169,-966
118.300,115,143,-968
118.350,65,92,-1020
118.400,235,48,-996
118.450,224,82,-1056
118.500,138,-102,-1020
118.550,113,-4,-1013
118.600,19,1,-956
118.650,35,-47,-961
118.700,120,-30,-962
118.750,119,-13,-963
118.800,18,-54,-1053
118.850,-1,-62,-995
118.900,-23,-50,-1060
118.950,53,-205,-894
119.000,39,-63,-999
119.050,-122,-232,-994
119.100,-61,-69,-917
119.150,-12,-166,-949
119.200,-108,-49,-952
119.250,-112,46,-1027
119.300,-79,43,-985
119.350,-156,-73,-981
119.400,-131,-72,-924
119.450,-114,123,-1013
119.500,-182,-20,-926
119.550,-145,105,-999
119.600,-63,-27,-997
119.650,-90,129,-1037
119.700,-206,-29,-1054
119.750,-20,-1,-1078
119.800,-83,79,-1007
119.850,-148,64,-924
119.900,1,126,-1061
119.950,-38,-1,-1252
120.000,68,81,-3230
120.050,-51,89,-1164
120.100,-27,113,-928
120.150,38,-16,-973
120.200,181,93,-1003
120.250,67,-100,-975
120.300,42,-14,-901
120.350,13,53,-1099
120.400,122,-82,-982
120.450,108,75,-1104
120.500,65,-66,-942
120.550,-40,-47,-961
120.600,109,-154,-911
120.650,94,34,-1034
120.700,84,-43,-1035
120.750,248,-92,-973
120.800,7,-125,-1012
120.850,-12,-165,-997
120.900,-2,75,-1015
120.950,-37,-49,-860
121.000,-128,-2,-1085
121.050,-55,-210,-1038
121.100,-142,-144,-1027
121.150,-57,-69,-979
121.200,-65,23,-987
121.250,26,-60,-1051
121.300,-190,-282,-1035
121.350,-182,-47,-897
121.400,-276,23,-1121
121.450,-247,163,-939
121.500,-338,107,-1018
121.550,21,-58,-984
121.600,-86,-135,-990
121.650,-25,-31,-958
121.700,-28,60,-909
121.750,-19,200,-979
121.800,24,69,-946
121.850,-18,124,-941
121.900,-56,69,-1145
121.950,3,5,-1362
122.000,-31,152,-3171
122.050,53,84,-1278
122.100,-40,218,-871
122.150,-3,-10,-1093
122.200,-15,6,-976
122.250,85,139,-986
122.300,98,35,-875
122.350,218,-18,-976
122.400,74,10,-1045
122.450,7,-6,-925
122.500,210,76,-989
122.550,206,-22,-1010
122.600,-11,64,-919
122.650,13,-146,-841
122.700,99,-145,-1025
122.750,117,15,-935
122.800,187,-23,-964
122.850,143,-129,-1047
122.900,-82,-34,-1056
122.950,36,-91,-1027
123.000,-32,-21,-870
123.050,-49,-161,-846
123.100,-24,-140,-1026
123.150,23,-96,-993
123.200,-162,-143,-911
123.250,-37,10,-1136
123.300,-127,-34,-946
123.350,77,-29,-1071
123.400,-156,-138,-892
123.450,-111,-67,-908
123.500,8,-25,-1042
123.550,-75,-120,-960
123.600,-41,46,-943
123.650,-88,59,-889
123.700,-72,189,-931
123.750,-92,67,-1054
123.800,39,303,-1020
123.850,-22,128,-993
123.900,-44,146,-1118
123.950,-86,118,-1297
124.000,16,147,-3138
124.050,-68,44,-1216
124.100,38,110,-904
124.150,-101,208,-984
124.200,-43,178,-856
124.250,191,51,-944
124.300,124,-51,-795
124.350,10,211,-1002
124.400,116,11,-888
124.450,242,30,-1050
124.500,44,54,-1178
124.550,-30,-15,-975
124.600,56,-65,-1138
124.650,58,-58,-977
124.700,127,-215,-875
124.750,-98,-29,-1036
124.800,137,-37,-1015
124.850,20,-222,-1007
124.900,-28,-171,-1089
124.950,16,-133,-930
125.000,-43,-219,-1063
125.050,-14,-245,-895
125.100,-50,-106,-990
125.150,8,-37,-1061
125.200,-117,76,-1169
125.250,-152,-142,-928
125.300,-59,-34,-1070
125.350,-64,-123,-1045
125.400,-156,-89,-1080
125.450,-82,8,-1066
125.500,-137,34,-988
125.550,16,-5,-974
125.600,-42,-49,-1087
125.650,-199,78,-1016
125.700,-61,68,-984
125.750,-20,38,-940
125.800,-10,-30,-1019
125.850,78,376,-1004
125.900,-29,-36,-992
125.950,-21,53,-1163
126.000,17,20,-3337
126.050,74,48,-1379
126.100,-104,84,-953
126.150,110,108,-868
126.200,-36,96,-970
126.250,-61,55,-1088
126.300,99,-8,-948
126.350,216,28,-1052
126.400,-2,63,-1074
126.450,173,148,-862
126.500,246,9,-963
126.550,36,-122,-941
126.600,-19,48,-1069
126.650,72,93,-980
126.700,122,-80,-932
126.750,50,-145,-1079
126.800,-66,-182,-946
126.850,39,-166,-937
126.900,45,-60,-1079
126.950,-21,-71,-1022
127.000,80,-38,-880
127.050,9,-150,-996
127.100,155,-8,-1012
127.150,12,-105,-1026
127.200,32,-47,-925
127.250,69,-110,-975
127.300,-5,5,-1030
127.350,-85,109,-1045
127.400,-58,9,-1115
127.450,-47,-123,-983
127.500,-1,-40,-1122
127.550,-101,14,-990
127.600,-77,54,-1117
127.650,-3,-128,-1028
127.700,-16,-2,-1116
127.750,-131,32,-840
127.800,-178,115,-1016
127.850,-111,-21,-1095
127.900,-3,149,-896
127.950,-92,-71,-1261
128.000,42,195,-3418
128.050,135,109,-1145
128.100,14,206,-1047
128.150,217,48,-1121
128.200,78,172,-899
128.250,66,103,-1001
128.300,189,143,-1040
128.350,167,44,-905
128.400,65,38,-1046
128.450,-26,-82,-910
128.500,150,-63,-961
128.550,101,46,-1035
128.600,94,-123,-908
128.650,131,-36,-804
128.700,175,56,-973
128.750,30,-34,-996
128.800,32,14,-1025
128.850,66,-79,-1120
128.900,74,-33,-996
128.950,36,-124,-1050
129.000,-50,-244,-957
129.050,-122,-135,-1167
129.100,-84,-52,-993
129.150,-43,-70,-1135
129.200,11,-114,-997
129.250,-36,-283,-886
129.300,-108,-14,-1028
129.350,-138,60,-1096
129.400,-72,-73,-959
129.450,-27,40,-955
129.500,-148,-20,-973
129.550,-2,53,-1015
129.600,-78,104,-963
129.650,-17,13,-927
129.700,-109,66,-954
129.750,-177,50,-978
129.800,-45,147,-1186
129.850,-178,169,-941
129.900,125,86,-905
129.950,162,-84,-1442
130.000,-40,-14,-3162
130.050,-6,43,-1210
130.100,83,48,-946
130.150,-28,33,-906
130.200,-9,41,-1037
130.250,26,-133,-1125
130.300,93,169,-945
130.350,48,35,-1134
130.400,75,12,-1047
130.450,146,47,-956
130.500,276,43,-1158
130.550,-13,-20,-1071
130.600,75,82,-994
130.650,-8,69,-1016
130.700,77,-42,-959
130.750,12,-66,-901
130.800,157,-146,-999
130.850,167,-110,-1107
130.900,-21,-47,-1008
130.950,19,-78,-1022
131.000,40,6,-966
131.050,26,-9,-942
131.100,60,-257,-997
131.150,-13,-100,-1068
131.200,-69,-140,-973
131.250,-17,-90,-915
131.300,-123,-107,-994
131.350,-121,34,-1014
131.400,-52,44,-1130
131.450,-103,-6,-1148
131.500,-96,-15,-1115
131.550,8,26,-1180
131.600,-133,5,-1009
131.650,-150,-40,-980
131.700,-158,136,-961
131.750,-52,25,-991
131.800,-54,93,-1129
131.850,-46,-93,-990
131.900,167,17,-1066
131.950,51,31,-1394
132.000,-19,112,-3231
132.050,-22,51,-1332
132.100,-26,119,-891
132.150,-21,-3,-1006
132.200,12,-34,-1107
132.250,-78,65,-1059
132.300,224,90,-1082
132.350,1,8,-1109
132.400,89,119,-1026
132.450,43,-142,-1118
132.500,107,-11,-985
132.550,-15,54,-1040
132.600,-52,-120,-1051
132.650,83,-179,-930
132.700,80,9,-885
132.750,47,-122,-954
132.800,-80,5,-1005
132.850,11,-180,-1105
132.900,6,-58,-1001
132.950,-169,-154,-959
133.000,147,-112,-970
133.050,-15,-131,-1092
133.100,-104,-202,-963
133.150,23,-104,-1051
133.200,22,96,-1140
133.250,-26,-60,-974
133.300,-26,64,-1010
133.350,83,-140,-939
133.400,-209,-144,-966
133.450,-41,-62,-955
133.500,-158,89,-1118
133.550,-82,39,-983
133.600,-95,21,-1206
133.650,-206,125,-944
133.700,28,64,-865
133.750,-82,153,-1037
133.800,-103,153,-1116
133.850,77,237,-1001
133.900,79,52,-1021
133.950,3,55,-1257
134.000,71,152,-3358
134.050,-106,132,-1342
134.100,-98,-1,-1024
134.150,167,120,-1070
134.200,-28,1,-1082
134.250,84,160,-783
134.300,222,20,-925
134.350,97,185,-959
134.400,55,108,-1063
134.450,48,-9,-1021
134.500,-67,81,-786
134.550,0,93,-1136
134.600,89,-97,-985
134.650,131,-149,-1013
134.700,140,-133,-901
134.750,174,-109,-887
134.800,-97,-130,-957
134.850,121,-1,-922
134.900,34,-40,-998
134.950,-102,-26,-954
135.000,-10,-146,-844
135.050,-90,-93,-1056
135.100,-35,-4,-967
135.150,-70,-24,-925
135.200,-64,-115,-1058
135.250,-222,53,-1057
135.300,-174,-127,-1091
135.350,0,-52,-1078
135.400,-160,-111,-910
135.450,-213,-9,-961
135.500,-71,18,-1011
135.550,-287,14,-1040
135.600,-201,147,-899
135.650,-119,74,-1000
135.700,-232,24,-930
135.750,-80,-9,-910
135.800,-31,-12,-1046
135.850,-79,10,-939
135.900,-74,106,-858
135.950,-69,11,-1316
136.000,-36,73,-3406
136.050,-108,67,-1419
136.100,-57,322,-807
136.150,236,64,-1088
136.200,103,-1,-1022
136.250,-4,142,-1009
136.300,107,10,-1016
136.350,-56,37,-1025
136.400,128,-7,-1080
136.450,105,132,-1011
136.500,243,-200,-1069
136.550,77,-122,-1219
136.600,99,-110,-1064
136.650,78,-63,-1050
136.700,130,-122,-909
136.750,169,-197,-1070
136.800,133,-183,-1046
136.850,58,-9,-906
136.900,19,-52,-974
136.950,146,-100,-1011
137.000,-16,-204,-1104
137.050,-231,19,-843
137.100,-169,-27,-968
137.150,-62,-39,-1008
137.200,153,-8,-1063
137.250,-158,40,-1021
137.300,-98,-47,-995
137.350,3,-121,-1184
137.400,-140,-94,-1051
137.450,-232,-91,-1116
137.500,-23,-87,-1018
137.550,16,-12,-970
137.600,-15,77,-1047
137.650,-172,149,-985
137.700,-138,31,-1004
137.750,-213,109,-916
137.800,-111,14,-1033
137.850,-61,250,-932
137.900,-17,46,-995
137.950,-30,6,-1352
138.000,35,14,-3455
138.050,3,67,-1456
138.100,126,189,-834
138.150,9,135,-902
138.200,102,173,-987
138.250,32,108,-961
138.300,135,146,-987
138.350,72,140,-1012
138.400,29,107,-1171
138.450,188,83,-1000
138.500,191,-32,-976
138.550,-16,-114,-964
138.600,62,-122,-926
138.650,83,-99,-1013
138.700,201,28,-996
138.750,122,-117,-856
138.800,164,-110,-984
138.850,119,-12,-919
138.900,86,-67,-1127
138.950,133,-126,-980
139.000,-2,-16,-1034
139.050,-109,19,-944
139.100,93,-99,-973
139.150,27,-171,-1124
139.200,-125,-132,-857
139.250,135,-87,-993
139.300,-106,-78,-973
139.350,-62,-74,-1009
139.400,-143,-89,-1032
139.450,-43,23,-1042
139.500,-22,5,-923
139.550,-114,160,-888
139.600,-37,146,-1052
139.650,50,-53,-994
139.700,-130,-94,-1104
139.750,-106,110,-1030
139.800,16,55,-1074
139.850,63,186,-1020
139.900,-160,8,-1042
139.950,-10,195,-1315
140.000,23,134,-3461
140.050,106,220,-1278
140.100,155,75,-1000
140.150,155,75,-1049
140.200,201,69,-1064
140.250,70,-101,-916
140.300,189,-41,-1054
140.350,238,123,-1026
140.400,82,63,-886
140.450,161,61,-1016
140.500,223,47,-1088
140.550,68,129,-1145
140.600,10,13,-1011
140.650,-2,-326,-1027
140.700,175,-139,-1092
140.750,133,41,-1070
140.800,31,-202,-1000
140.850,-14,-103,-1196
140.900,104,-243,-1108
140.950,-4,-260,-1129
141.000,-76,-247,-1057
141.050,-24,38,-930
141.100,-228,-112,-1069
141.150,-9,-117,-972
141.200,-7,-112,-1132
141.250,-104,-21,-954
141.300,-96,-5,-1008
141.350,-193,-32,-933
141.400,10,-78,-990
141.450,-118,-124,-974
141.500,-175,6,-1053
141.550,-146,11,-994
141.600,-56,-2,-1023
141.650,-60,12,-998
141.700,-127,55,-934
141.750,-6,136,-903
141.800,-47,160,-1026
141.850,35,150,-867
141.900,36,149,-975
141.950,-56,47,-1255
142.000,-103,225,-3367
142.050,65,176,-1303
142.100,24,-77,-972
142.150,90,-28,-985
142.200,50,164,-1136
142.250,26,55,-1069
142.300,96,-106,-1181
142.350,87,89,-1066
142.400,125,55,-954
142.450,105,-121,-1000
142.500,110,120,-1120
142.550,282,-22,-1085
142.600,72,59,-996
142.650,29,10,-922
142.700,81,78,-831
142.750,-123,-68,-852
142.800,99,38,-954
142.850,-70,-140,-1001
142.900,138,-100,-1038
142.950,-28,-84,-983
143.000,184,-111,-1099
143.050,34,-77,-986
143.100,-88,-57,-1039
143.150,-89,-136,-922
143.200,-174,-88,-1021
143.250,-11,-85,-927
143.300,-142,-24,-978
143.350,-82,80,-957
143.400,-74,57,-969
143.450,-119,62,-821
143.500,-145,52,-989
143.550,-91,-135,-1051
143.600,-159,146,-1090
143.650,17,-30,-1014
143.700,-113,14,-1125
143.750,41,161,-904
143.800,19,154,-901
143.850,-107,135,-884
143.900,-3,81,-1071
143.950,-37,61,-1564
144.000,38,222,-3350
144.050,30,41,-1344
144.100,143,-14,-820
144.150,-75,158,-1054
144.200,23,-91,-924
144.250,105,157,-1040
144.300,188,74,-1014
144.350,49,145,-971
144.400,129,-87,-1005
144.450,18,-49,-1148
144.500,147,-9,-1000
144.550,20,-1,-1080
144.600,88,20,-970
144.650,136,-99,-1155
144.700,103,-144,-1026
144.750,-23,-89,-947
144.800,32,-179,-988
144.850,67,-87,-977
144.900,130,38,-943
144.950,-12,-70,-1111
145.000,1,49,-1004
145.050,-17,-161,-911
145.100,-54,-71,-1028
145.150,-142,-103,-1081
145.200,-113,-127,-862
145.250,-19,-45,-1050
145.300,-32,-70,-902
145.350,-107,92,-1018
145.400,-88,-68,-1002
145.450,-177,-107,-1133
145.500,-167,-76,-977
145.550,-150,3,-895
145.600,-48,-94,-968
145.650,-41,34,-1076
145.700,-52,38,-979
145.750,-24,104,-1039
145.800,-188,89,-1010
145.850,-59,115,-957
145.900,-117,163,-973
145.950,-3,104,-1152
146.000,36,93,-3544
146.050,-6,138,-1429
146.100,19,106,-938
146.150,-75,74,-1019
146.200,59,114,-930
146.250,158,278,-982
146.300,117,49,-1006
146.350,17,31,-1052
146.400,-7,44,-1045
146.450,115,-7,-960
146.500,215,42,-1029
146.550,69,1,-1033
146.600,67,61,-977
146.650,51,-30,-1009
146.700,40,-39,-1032
146.750,23,-14,-1054
146.800,170,-180,-963
146.850,77,-61,-976
146.900,103,-116,-1030
146.950,-11,61,-1083
147.000,86,-166,-957
147.050,73,-197,-1071
147.100,39,1,-1047
147.150,94,-111,-969
147.200,43,-140,-867
147.250,-130,-78,-1031
147.300,105,-56,-931
147.350,5,-79,-928
147.400,-120,-169,-1030
147.450,-95,-195,-1095
147.500,-106,34,-949
147.550,-100,-37,-954
147.600,-204,88,-1122
147.650,-16,-27,-875
147.700,-115,9,-1082
147.750,-25,-26,-1021
147.800,-25,10,-1073
147.850,-86,-19,-1058
147.900,-32,-30,-1000
147.950,-10,114,-1330
148.000,-188,28,-3409
148.050,2,8,-1203
148.100,130,-15,-1013
148.150,88,218,-1170
148.200,110,50,-987
148.250,47,203,-844
148.300,59,-16,-796
148.350,123,-41,-910
148.400,79,4,-916
148.450,-39,91,-986
148.500,128,15,-1133
148.550,37,14,-959
148.600,90,-164,-1021
148.650,25,-107,-962
148.700,105,-180,-1011
148.750,116,-56,-1014
148.800,59,-176,-849
148.850,56,-159,-1148
148.900,-111,-145,-917
148.950,-30,-120,-1081
149.000,119,79,-1219
149.050,-45,-60,-961
149.100,-72,-133,-946
149.150,76,-232,-1056
149.200,-22,-163,-1044
149.250,35,-48,-1042
149.300,-43,-168,-987
149.350,-53,51,-949
149.400,-84,-47,-1020
149.450,-1,83,-957
149.500,-97,-69,-1108
149.550,-135,78,-987
149.600,7,16,-1130
149.650,-144,112,-980
149.700,-71,55,-1040
149.750,-20,28,-969
149.800,-57,-48,-877
149.850,-66,156,-953
149.900,-33,58,-985
149.950,-58,32,-1372
150.000,-134,19,-3461
150.050,60,-63,-1293
150.100,137,166,-892
150.150,-51,12,-1113
150.200,168,256,-1129
150.250,57,-36,-1150
150.300,5,177,-1040
150.350,153,98,-1067
150.400,202,-57,-1042
150.450,134,-9,-1020
150.500,165,92,-1145
150.550,101,85,-874
150.600,-107,-92,-993
150.650,56,12,-961
150.700,124,-78,-1014
150.750,145,-28,-973
150.800,67,-142,-1061
150.850,56,-6,-1081
150.900,57,-63,-1021
150.950,6,-48,-1063
151.000,111,-240,-947
151.050,40,12,-1163
151.100,-116,-9,-1062
151.150,-48,-3,-1085
151.200,-142,-160,-1003
151.250,-131,-66,-1009
151.300,-41,-112,-956
151.350,-21,26,-965
151.400,-130,-23,-1112
151.450,-74,57,-1053
151.500,11,67,-843
151.550,-188,22,-1053
151.600,-128,92,-908
151.650,-91,19,-1087
151.700,-85,81,-950
151.750,4,26,-1054
151.800,48,102,-1137
151.850,83,34,-935
151.900,-57,100,-867
151.950,-161,73,-1392
152.000,-22,75,-3393
152.050,50,61,-1213
152.100,98,25,-1031
152.150,-9,106,-1031
152.200,118,38,-999
152.250,23,22,-932
152.300,-40,78,-934
152.350,194,-30,-903
152.400,86,38,-978
152.450,-7,121,-944
152.500,47,-47,-812
152.550,83,-22,-1131
152.600,77,11,-1044
152.650,101,-20,-1030
152.700,161,-74,-1007
152.750,70,-215,-954
152.800,120,-19,-964
152.850,38,-46,-782
152.900,-57,-47,-961
152.950,83,-213,-839
153.000,103,-119,-854
153.050,-2,71,-983
153.100,-192,-97,-1036
153.150,-155,-168,-978
153.200,-119,-1,-1135
153.250,-90,-33,-967
153.300,-126,-37,-1083
153.350,-145,-159,-895
153.400,-127,-110,-1023
153.450,10,125,-1072
153.500,45,-4,-908
153.550,-28,-46,-1055
153.600,-229,34,-967
153.650,-105,-54,-964
153.700,-16,72,-1050
153.750,-44,-4,-978
153.800,-29,166,-851
153.850,102,160,-1042
153.900,23,-18,-1001
153.950,-26,59,-1296
154.000,-34,261,-3497
154.050,168,122,-1416
154.100,40,267,-1013
154.150,53,133,-936
154.200,119,-54,-1058
154.250,28,314,-1064
154.300,92,274,-959
154.350,197,114,-1127
154.400,58,11,-1144
154.450,-68,96,-846
154.500,15,-9,-883
154.550,183,-129,-1003
154.600,128,-181,-1043
154.650,45,-230,-1064
154.700,91,-25,-1104
154.750,114,-87,-1011
154.800,11,-255,-931
154.850,83,-91,-1042
154.900,-77,-63,-1037
154.950,62,-45,-1040
155.000,-59,-113,-974
155.050,-154,-84,-1116
155.100,-60,90,-1079
155.150,-127,-122,-1018
155.200,-163,-54,-949
155.250,-30,-43,-1022
155.300,-157,-56,-958
155.350,-157,-62,-999
155.400,86,59,-892
155.450,-42,-65,-951
155.500,22,-79,-995
155.550,-88,61,-907
155.600,-111,18,-748
155.650,-128,-64,-989
155.700,-126,45,-1010
155.750,-253,78,-982
155.800,36,95,-907
155.850,86,131,-963
155.900,-57,145,-1027
155.950,-203,89,-1247
156.000,71,79,-3563
156.050,-6,96,-1432
156.100,-50,89,-984
156.150,92,25,-1154
156.200,43,159,-1118
156.250,2,17,-868
156.300,170,32,-938
156.350,33,43,-1147
156.400,17,-45,-1093
156.450,143,-64,-919
156.500,145,19,-906
156.550,119,-73,-1035
156.600,148,-133,-927
156.650,73,4,-991
156.700,18,68,-1019
156.750,95,-113,-1064
156.800,66,-121,-1005
156.850,56,-132,-921
156.900,79,-259,-1073
156.950,-14,-177,-1058
157.000,52,-61,-1129
157.050,-120,-79,-1024
157.100,34,-147,-997
157.150,-115,-112,-952
157.200,-28,-170,-916
157.250,-76,-36,-966
157.300,-117,11,-1058
157.350,-119,-143,-1124
157.400,81,-44,-1033
157.450,51,-155,-902
157.500,-80,-11,-1019
157.550,-123,135,-919
157.600,-106,-32,-998
157.650,-170,-20,-1024
157.700,-142,7,-1029
157.750,-154,192,-1170
157.800,-3,134,-1014
157.850,-59,100,-997
157.900,25,138,-1034
157.950,-95,124,-1295
158.000,63,56,-3319
158.050,-123,246,-1405
158.100,22,235,-852
158.150,170,153,-968
158.200,-52,-14,-1006
158.250,119,128,-932
158.300,193,172,-997
158.350,-78,126,-1018
158.400,56,44,-1103
158.450,81,-100,-1186
158.500,43,117,-991
158.550,161,-25,-968
158.600,-57,-89,-1070
158.650,-21,-37,-969
158.700,109,-64,-944
158.750,75,-49,-1047
158.800,102,-47,-1083
158.850,-7,-4,-1105
158.900,-2,-14,-946
158.950,94,-51,-1029
159.000,-142,64,-935
159.050,-87,-89,-1051
159.100,-39,-48,-1057
159.150,106,-116,-1036
159.200,35,-174,-990
159.250,99,-63,-982
159.300,-127,-133,-1018
159.350,93,28,-957
159.400,-40,46,-1026
159.450,-100,-21,-964
159.500,-177,-104,-1059
159.550,-68,-72,-938
159.600,-187,14,-1111
159.650,-40,-77,-1161
159.700,-76,85,-939
159.750,-57,105,-985
159.800,-42,191,-1017
159.850,-123,194,-923
159.900,15,52,-962
159.950,119,61,-1289
160.000,-107,26,-3455
160.050,68,71,-1430
160.100,-28,259,-996
160.150,115,136,-978
160.200,95,55,-910
160.250,78,46,-957
160.300,78,91,-1067
160.350,-52,-130,-1118
160.400,15,-15,-999
160.450,137,59,-1094
160.500,252,-9,-1048
160.550,91,6,-972
160.600,51,92,-1125
160.650,127,16,-1004
160.700,5,-52,-926
160.750,77,-112,-1163
160.800,83,-237,-912
160.850,-17,3,-921
160.900,29,-111,-844
160.950,-5,-123,-1037
161.000,-60,-99,-1012
161.050,-231,-183,-898
161.100,38,92,-1134
161.150,-204,-3,-1084
161.200,12,-133,-905
161.250,-96,-82,-880
161.300,-20,-110,-1222
161.350,38,-54,-978
161.400,-168,-40,-1065
161.450,-154,-217,-941
161.500,-83,-64,-908
161.550,-117,-20,-1082
161.600,27,200,-1084
161.650,-172,24,-938
161.700,-77,45,-937
161.750,-54,49,-1015
161.800,-88,161,-1002
161.850,-48,88,-926
161.900,-64,250,-1070
161.950,-134,118,-1317
162.000,-34,363,-3515
162.050,116,148,-1318
162.100,-43,108,-958
162.150,-60,-96,-902
162.200,110,117,-1022
162.250,136,-40,-1047
162.300,35,153,-1022
162.350,40,112,-923
162.400,84,63,-1103
162.450,53,-59,-1022
162.500,161,-60,-944
162.550,165,-88,-828
162.600,74,-118,-1075
162.650,126,-61,-990
162.700,-107,-132,-1118
162.750,135,-122,-1045
162.800,63,15,-930
162.850,117,-150,-1027
162.900,34,-175,-1007
162.950,21,-41,-1153
163.000,-26,-93,-858
163.050,35,-141,-1058
163.100,23,-57,-1071
163.150,-37,33,-951
163.200,-119,-198,-949
163.250,-53,10,-897
163.300,-138,-57,-1070
163.350,-229,-67,-934
163.400,-86,-32,-1122
163.450,-87,-15,-1000
163.500,-132,-25,-956
163.550,-68,-134,-975
163.600,-121,40,-941
163.650,-33,193,-1016
163.700,-26,-26,-947
163.750,-180,141,-1086
163.800,-162,128,-941
163.850,90,62,-1041
163.900,-36,-5,-1066
163.950,-6,-1,-1523
164.000,-119,105,-3663
164.050,94,164,-1296
164.100,14,104,-1100
164.150,73,157,-995
164.200,-45,-53,-1017
164.250,55,242,-1113
164.300,-45,84,-1038
164.350,312,-53,-877
164.400,21,29,-1022
164.450,22,124,-955
164.500,24,102,-1067
164.550,206,-1,-1063
164.600,100,-99,-1140
164.650,199,-93,-1061
164.700,-35,-38,-1163
164.750,-14,-55,-1096
164.800,107,-29,-929
164.850,25,-149,-1055
164.900,181,-52,-981
164.950,46,48,-884
165.000,-134,-80,-856
165.050,-33,-105,-1058
165.100,9,-124,-895
165.150,-129,-115,-986
165.200,-89,-106,-982
165.250,-96,-62,-1109
165.300,17,-212,-1054
165.350,23,-218,-833
165.400,-143,-55,-1001
165.450,-13,-28,-948
165.500,-23,125,-981
165.550,-148,-82,-1056
165.600,-122,-16,-938
165.650,-246,-7,-937
165.700,-111,50,-949
165.750,48,168,-1061
165.800,-210,85,-1082
165.850,-84,23,-911
165.900,-72,79,-924
165.950,19,77,-1328
166.000,123,166,-3595
166.050,54,112,-1242
166.100,3,145,-832
166.150,-21,88,-875
166.200,206,148,-969
166.250,64,-69,-1071
166.300,167,20,-1022
166.350,105,33,-1037
166.400,-81,63,-1002
166.450,118,-17,-947
166.500,31,117,-935
166.550,176,-34,-1181
166.600,10,-171,-997
166.650,120,119,-1056
166.700,41,-189,-780
166.750,120,32,-1033
166.800,34,-102,-1184
166.850,-16,-92,-977
166.900,124,-74,-1050
166.950,-53,-150,-853
167.000,16,-103,-870
167.050,31,-62,-1092
167.100,46,-188,-1008
167.150,-147,40,-956
167.200,-87,-161,-1039
167.250,-51,-229,-935
167.300,-5,-67,-970
167.350,-9,9,-979
167.400,-144,-61,-1003
167.450,-266,12,-1100
167.500,-86,-1,-1028
167.550,-243,53,-981
167.600,-85,53,-1068
167.650,5,48,-934
167.700,-153,2,-977
167.750,-48,71,-900
167.800,-189,85,-1111
167.850,94,113,-876
167.900,99,45,-1032
167.950,97,37,-1362
168.000,-31,10,-3438
168.050,73,68,-1459
168.100,21,148,-859
168.150,211,105,-869
168.200,78,156,-982
168.250,30,193,-1017
168.300,29,-12,-929
168.350,151,109,-986
168.400,-17,131,-944
168.450,132,-57,-1060
168.500,151,-60,-948
168.550,114,18,-922
168.600,160,-9,-1071
168.650,70,63,-982
168.700,223,-171,-878
168.750,-9,-184,-1073
168.800,-23,46,-1077
168.850,79,-106,-1129
168.900,67,-82,-1098
168.950,98,-168,-1142
169.000,83,-134,-1093
169.050,-61,-146,-1006
169.100,-128,-5,-962
169.150,-65,54,-986
169.200,-27,-91,-1000
169.250,29,-113,-932
169.300,-138,-109,-1075
169.350,-207,-5,-1102
169.400,-21,42,-1027
169.450,-42,23,-920
169.500,-183,33,-911
169.550,-118,47,-1047
169.600,81,99,-1018
169.650,19,34,-973
169.700,-23,182,-1026
169.750,88,149,-919
169.800,8,169,-962
169.850,-33,207,-971
169.900,37,14,-878
169.950,17,216,-1307
170.000,-4,162,-3685
170.050,-127,22,-1253
170.100,-29,51,-924
170.150,86,30,-1004
170.200,23,149,-963
170.250,-4,-32,-1127
170.300,125,114,-983
170.350,19,-52,-937
170.400,-117,70,-1034
170.450,66,193,-949
170.500,115,-10,-1113
170.550,7,-155,-1009
170.600,-10,-36,-1031
170.650,135,-35,-1018
170.700,69,-136,-968
170.750,70,95,-913
170.800,74,13,-1090
170.850,0,-202,-936
170.900,87,-175,-914
170.950,44,-184,-1013
171.000,-18,51,-1016
171.050,42,-93,-863
171.100,-88,-28,-1000
171.150,-85,-82,-870
171.200,-3,-133,-1057
171.250,5,29,-1060
171.300,-150,-112,-1091
171.350,-38,-26,-1037
171.400,-230,-63,-1089
171.450,-41,25,-953
171.500,-116,68,-927
171.550,-58,120,-1011
171.600,-188,-71,-868
171.650,-185,86,-996
171.700,-89,160,-881
171.750,-127,85,-985
171.800,-170,132,-957
171.850,-48,209,-1133
171.900,31,53,-1084
171.950,43,89,-1395
172.000,137,-3,-3726
172.050,-45,123,-1357
172.100,26,20,-1079
172.150,71,-55,-953
172.200,37,169,-966
172.250,109,89,-1177
172.300,112,46,-915
172.350,24,-34,-916
172.400,33,90,-1106
172.450,93,50,-1012
172.500,79,70,-1157
172.550,32,-151,-1074
172.600,32,0,-1021
172.650,135,46,-885
172.700,58,-298,-976
172.750,165,-169,-1050
172.800,112,-43,-953
172.850,89,-243,-938
172.900,-12,78,-866
172.950,6,7,-1054
173.000,34,-58,-929
173.050,-129,71,-970
173.100,66,-120,-997
173.150,-54,-80,-1016
173.200,-3,102,-1117
173.250,-127,-220,-1020
173.300,-92,-22,-1042
173.350,-238,-125,-971
173.400,-108,129,-870
173.450,-104,40,-950
173.500,25,68,-1010
173.550,-169,-49,-1003
173.600,-161,-39,-979
173.650,-213,-27,-833
173.700,-251,134,-981
173.750,-138,135,-1099
173.800,-43,66,-1007
173.850,-53,140,-941
173.900,81,53,-1005
173.950,30,150,-1478
174.000,-11,152,-3510
174.050,-122,182,-1463
174.100,61,96,-1052
174.150,26,125,-925
174.200,52,159,-1099
174.250,13,-46,-988
174.300,110,120,-992
174.350,155,-97,-987
174.400,37,78,-1036
174.450,103,141,-893
174.500,102,-66,-930
174.550,85,-36,-1034
174.600,27,-15,-907
174.650,170,-84,-1132
174.700,-63,-44,-1082
174.750,76,-64,-934
174.800,-109,-89,-994
174.850,18,-81,-1062
174.900,-2,-22,-1075
174.950,44,-45,-1033
175.000,-10,-172,-971
175.050,-78,-187,-944
175.100,-4,-48,-1137
175.150,-183,-143,-1047
175.200,-71,-91,-1025
175.250,-213,35,-933
175.300,35,-130,-1110
175.350,-127,-121,-1009
175.400,-80,13,-1155
175.450,-134,3,-857
175.500,-39,-38,-972
175.550,28,36,-1008
175.600,93,55,-936
175.650,-41,-1,-996
175.700,-99,114,-992
175.750,-130,65,-959
175.800,-34,-33,-911
175.850,51,85,-967
175.900,84,152,-994
175.950,-98,249,-1347
176.000,-36,72,-3679
176.050,-126,136,-1258
176.100,4,161,-1018
176.150,44,81,-947
176.200,48,197,-1065
176.250,83,245,-885
176.300,-4,24,-917
176.350,35,46,-985
176.400,15,32,-1070
176.450,171,60,-964
176.500,180,-12,-991
176.550,175,-122,-1044
176.600,23,96,-965
176.650,84,32,-860
176.700,20,-55,-930
176.750,157,-197,-979
176.800,6,-105,-993
176.850,-15,-116,-933
176.900,72,-38,-1075
176.950,-17,24,-996
177.000,5,-242,-1066
177.050,-35,-139,-1058
177.100,-55,-188,-842
177.150,-240,-56,-982
177.200,-83,-155,-998
177.250,-118,-71,-1048
177.300,-279,23,-918
177.350,-69,24,-873
177.400,-228,-20,-1077
177.450,-122,-40,-918
177.500,-150,174,-1043
177.550,-186,-42,-1051
177.600,-121,-5,-1054
177.650,-97,-50,-1083
177.700,-141,51,-1183
177.750,-27,185,-1056
177.800,-33,46,-1149
177.850,-68,172,-995
177.900,-13,119,-932
177.950,-26,146,-1249
178.000,-70,83,-3600
178.050,49,140,-1301
178.100,-22,74,-1127
178.150,-87,66,-853
178.200,130,3,-1038
178.250,176,20,-965
178.300,-33,29,-959
178.350,111,38,-1064
178.400,92,68,-969
178.450,-3,23,-1071
178.500,115,-106,-1025
178.550,242,66,-1086
178.600,47,-23,-950
178.650,-146,76,-922
178.700,110,-21,-950
178.750,21,-50,-1016
178.800,-27,-87,-1036
178.850,-16,-129,-1000
178.900,-41,-124,-1068
178.950,75,-136,-910
179.000,-163,-132,-891
179.050,-183,44,-1051
179.100,-68,-244,-1086
179.150,-80,-60,-1118
179.200,-139,-111,-1010
179.250,-56,-130,-933
179.300,-143,-172,-977
179.350,11,144,-1002
179.400,-132,3,-1000
179.450,-110,-107,-965
179.500,-31,2,-936
179.550,-56,11,-820
179.600,-111,18,-1014
179.650,1,164,-966
179.700,-83,171,-853
179.750,-98,190,-1139
179.800,54,79,-1090
179.850,-40,183,-1094
179.900,-23,74,-834
179.950,15,173,-1258
